[debug] [2026-03-13T21:20:10.334Z] ----------------------------------------------------------------------
[debug] [2026-03-13T21:20:10.336Z] Command:       C:\Program Files\nodejs\node.exe C:\Users\vivia\AppData\Roaming\npm\node_modules\firebase-tools\lib\bin\firebase.js deploy --project appacadabra-bee0f --only functions
[debug] [2026-03-13T21:20:10.337Z] CLI Version:   15.5.1
[debug] [2026-03-13T21:20:10.337Z] Platform:      win32
[debug] [2026-03-13T21:20:10.337Z] Node Version:  v24.12.0
[debug] [2026-03-13T21:20:10.337Z] Time:          Fri Mar 13 2026 18:20:10 GMT-0300 (Horário Padrão de Brasília)
[debug] [2026-03-13T21:20:10.337Z] ----------------------------------------------------------------------
[debug] 
[debug] [2026-03-13T21:20:10.338Z] >>> [apiv2][query] GET https://firebase-public.firebaseio.com/cli.json [none]
[debug] [2026-03-13T21:20:12.535Z] > command requires scopes: ["email","openid","https://www.googleapis.com/auth/cloudplatformprojects.readonly","https://www.googleapis.com/auth/firebase","https://www.googleapis.com/auth/cloud-platform"]
[debug] [2026-03-13T21:20:12.535Z] > authorizing via signed-in user (support@appacadabra.ai)
[debug] [2026-03-13T21:20:12.536Z] [iam] checking project appacadabra-bee0f for permissions ["cloudfunctions.functions.create","cloudfunctions.functions.delete","cloudfunctions.functions.get","cloudfunctions.functions.list","cloudfunctions.functions.update","cloudfunctions.operations.get","firebase.projects.get"]
[debug] [2026-03-13T21:20:12.536Z] Checked if tokens are valid: false, expires at: 1773360959131
[debug] [2026-03-13T21:20:12.536Z] Checked if tokens are valid: false, expires at: 1773360959131
[debug] [2026-03-13T21:20:12.537Z] > refreshing access token with scopes: []
[debug] [2026-03-13T21:20:12.538Z] >>> [apiv2][query] POST https://www.googleapis.com/oauth2/v3/token [none]
[debug] [2026-03-13T21:20:12.538Z] >>> [apiv2][body] POST https://www.googleapis.com/oauth2/v3/token [omitted]
[debug] [2026-03-13T21:20:12.892Z] <<< [apiv2][status] POST https://www.googleapis.com/oauth2/v3/token 200
[debug] [2026-03-13T21:20:12.892Z] <<< [apiv2][body] POST https://www.googleapis.com/oauth2/v3/token [omitted]
[debug] [2026-03-13T21:20:12.899Z] >>> [apiv2][query] POST https://cloudresourcemanager.googleapis.com/v1/projects/appacadabra-bee0f:testIamPermissions [none]
[debug] [2026-03-13T21:20:12.900Z] >>> [apiv2][(partial)header] POST https://cloudresourcemanager.googleapis.com/v1/projects/appacadabra-bee0f:testIamPermissions  x-goog-user-project=appacadabra-bee0f
[debug] [2026-03-13T21:20:12.900Z] >>> [apiv2][body] POST https://cloudresourcemanager.googleapis.com/v1/projects/appacadabra-bee0f:testIamPermissions {"permissions":["cloudfunctions.functions.create","cloudfunctions.functions.delete","cloudfunctions.functions.get","cloudfunctions.functions.list","cloudfunctions.functions.update","cloudfunctions.operations.get","firebase.projects.get"]}
[debug] [2026-03-13T21:20:13.024Z] <<< [apiv2][status] GET https://firebase-public.firebaseio.com/cli.json 200
[debug] [2026-03-13T21:20:13.024Z] <<< [apiv2][body] GET https://firebase-public.firebaseio.com/cli.json {"cloudBuildErrorAfter":1594252800000,"cloudBuildWarnAfter":1590019200000,"defaultNode10After":1594252800000,"minVersion":"3.0.5","node8DeploysDisabledAfter":1613390400000,"node8RuntimeDisabledAfter":1615809600000,"node8WarnAfter":1600128000000}
[debug] [2026-03-13T21:20:13.896Z] <<< [apiv2][status] POST https://cloudresourcemanager.googleapis.com/v1/projects/appacadabra-bee0f:testIamPermissions 200
[debug] [2026-03-13T21:20:13.896Z] <<< [apiv2][body] POST https://cloudresourcemanager.googleapis.com/v1/projects/appacadabra-bee0f:testIamPermissions {"permissions":["cloudfunctions.functions.create","cloudfunctions.functions.delete","cloudfunctions.functions.get","cloudfunctions.functions.list","cloudfunctions.functions.update","cloudfunctions.operations.get","firebase.projects.get"]}
[debug] [2026-03-13T21:20:13.896Z] Checked if tokens are valid: true, expires at: 1773440411892
[debug] [2026-03-13T21:20:13.897Z] Checked if tokens are valid: true, expires at: 1773440411892
[debug] [2026-03-13T21:20:13.897Z] >>> [apiv2][query] POST https://iam.googleapis.com/v1/projects/appacadabra-bee0f/serviceAccounts/appacadabra-bee0f@appspot.gserviceaccount.com:testIamPermissions [none]
[debug] [2026-03-13T21:20:13.897Z] >>> [apiv2][body] POST https://iam.googleapis.com/v1/projects/appacadabra-bee0f/serviceAccounts/appacadabra-bee0f@appspot.gserviceaccount.com:testIamPermissions {"permissions":["iam.serviceAccounts.actAs"]}
[debug] [2026-03-13T21:20:14.887Z] <<< [apiv2][status] POST https://iam.googleapis.com/v1/projects/appacadabra-bee0f/serviceAccounts/appacadabra-bee0f@appspot.gserviceaccount.com:testIamPermissions 200
[debug] [2026-03-13T21:20:14.887Z] <<< [apiv2][body] POST https://iam.googleapis.com/v1/projects/appacadabra-bee0f/serviceAccounts/appacadabra-bee0f@appspot.gserviceaccount.com:testIamPermissions {"permissions":["iam.serviceAccounts.actAs"]}
[info] 
[info] === Deploying to 'appacadabra-bee0f'...
[info] 
[info] i  deploying functions 
[info] Running command: npm --prefix "$RESOURCE_DIR" run build
[info] +  functions: Finished running predeploy script. 
[debug] [2026-03-13T21:20:18.382Z] Checked if tokens are valid: true, expires at: 1773440411892
[debug] [2026-03-13T21:20:18.382Z] Checked if tokens are valid: true, expires at: 1773440411892
[debug] [2026-03-13T21:20:18.383Z] >>> [apiv2][query] GET https://cloudresourcemanager.googleapis.com/v1/projects/appacadabra-bee0f [none]
[debug] [2026-03-13T21:20:18.592Z] <<< [apiv2][status] GET https://cloudresourcemanager.googleapis.com/v1/projects/appacadabra-bee0f 200
[debug] [2026-03-13T21:20:18.592Z] <<< [apiv2][body] GET https://cloudresourcemanager.googleapis.com/v1/projects/appacadabra-bee0f {"projectNumber":"901177243529","projectId":"appacadabra-bee0f","lifecycleState":"ACTIVE","name":"appacadabra","labels":{"firebase":"enabled","firebase-core":"disabled"},"createTime":"2026-01-20T09:44:10.625807Z"}
[info] i  functions: preparing codebase default for deployment 
[info] i  functions: ensuring required API cloudfunctions.googleapis.com is enabled... 
[info] i  functions: ensuring required API cloudbuild.googleapis.com is enabled... 
[info] i  artifactregistry: ensuring required API artifactregistry.googleapis.com is enabled... 
[debug] [2026-03-13T21:20:18.595Z] Checked if tokens are valid: true, expires at: 1773440411892
[debug] [2026-03-13T21:20:18.595Z] Checked if tokens are valid: true, expires at: 1773440411892
[debug] [2026-03-13T21:20:18.595Z] >>> [apiv2][query] GET https://firebase.googleapis.com/v1beta1/projects/appacadabra-bee0f/adminSdkConfig [none]
[debug] [2026-03-13T21:20:19.392Z] <<< [apiv2][status] GET https://firebase.googleapis.com/v1beta1/projects/appacadabra-bee0f/adminSdkConfig 200
[debug] [2026-03-13T21:20:19.392Z] <<< [apiv2][body] GET https://firebase.googleapis.com/v1beta1/projects/appacadabra-bee0f/adminSdkConfig {"projectId":"appacadabra-bee0f","storageBucket":"appacadabra-bee0f.firebasestorage.app"}
[debug] [2026-03-13T21:20:19.392Z] Checked if tokens are valid: true, expires at: 1773440411892
[debug] [2026-03-13T21:20:19.392Z] Checked if tokens are valid: true, expires at: 1773440411892
[debug] [2026-03-13T21:20:19.392Z] >>> [apiv2][query] GET https://runtimeconfig.googleapis.com/v1beta1/projects/appacadabra-bee0f/configs [none]
[debug] [2026-03-13T21:20:20.504Z] <<< [apiv2][status] GET https://runtimeconfig.googleapis.com/v1beta1/projects/appacadabra-bee0f/configs 200
[debug] [2026-03-13T21:20:20.505Z] <<< [apiv2][body] GET https://runtimeconfig.googleapis.com/v1beta1/projects/appacadabra-bee0f/configs {}
[debug] [2026-03-13T21:20:20.508Z] Validating nodejs source
[warn] !  functions: package.json indicates an outdated version of firebase-functions. Please upgrade using npm install --save firebase-functions@latest in your functions directory. 
[warn] !  functions: Please note that there will be breaking changes when you upgrade. 
[debug] [2026-03-13T21:20:21.496Z] > [functions] package.json contents: {
  "name": "appacadabra-functions",
  "version": "1.0.0",
  "description": "Firebase Functions for Appacadabra AI operations",
  "main": "lib/index.js",
  "scripts": {
    "build": "tsc",
    "build:watch": "tsc --watch",
    "serve": "npm run build && firebase emulators:start --only functions",
    "shell": "npm run build && firebase functions:shell",
    "start": "npm run shell",
    "deploy": "firebase deploy --only functions",
    "logs": "firebase functions:log",
    "test": "jest",
    "test:watch": "jest --watch",
    "test:coverage": "jest --coverage"
  },
  "engines": {
    "node": "22"
  },
  "dependencies": {
    "@google/genai": "^1.0.0",
    "@react-native-firebase/app": "^23.8.3",
    "@react-native-firebase/app-check": "^23.8.3",
    "@react-native-firebase/auth": "^23.8.3",
    "@react-native-firebase/firestore": "^23.8.3",
    "@react-native-firebase/functions": "^23.8.3",
    "firebase-admin": "^13.0.0",
    "firebase-functions": "^6.3.0",
    "jsdom": "^25.0.0"
  },
  "devDependencies": {
    "@types/jest": "^30.0.0",
    "@types/jsdom": "^21.0.0",
    "firebase-functions-test": "^3.4.0",
    "jest": "^30.2.0",
    "ts-jest": "^29.4.6",
    "typescript": "^5.7.0"
  },
  "private": true
}
[debug] [2026-03-13T21:20:21.496Z] Building nodejs source
[info] i  functions: Loading and analyzing source code for codebase default to determine what to deploy 
[debug] [2026-03-13T21:20:21.498Z] Could not find functions.yaml. Must use http discovery
[debug] [2026-03-13T21:20:21.512Z] Found firebase-functions binary at 'C:\dev\appacadabra\firebase\functions\node_modules\.bin\firebase-functions'
[info] Serving at port 8825

[debug] [2026-03-13T21:20:23.628Z] Got response from /__/functions.yaml {"endpoints":{"generateSpell":{"availableMemoryMb":512,"timeoutSeconds":300,"minInstances":null,"maxInstances":null,"ingressSettings":null,"concurrency":null,"serviceAccountEmail":null,"vpc":null,"platform":"gcfv2","region":["southamerica-east1"],"secretEnvironmentVariables":[{"key":"GEMINI_API_KEY"}],"labels":{},"callableTrigger":{},"entryPoint":"generateSpell"},"addCredits":{"availableMemoryMb":null,"timeoutSeconds":null,"minInstances":null,"maxInstances":null,"ingressSettings":null,"concurrency":null,"serviceAccountEmail":null,"vpc":null,"platform":"gcfv2","region":["southamerica-east1"],"labels":{},"callableTrigger":{},"entryPoint":"addCredits"},"getCredits":{"availableMemoryMb":null,"timeoutSeconds":null,"minInstances":null,"maxInstances":null,"ingressSettings":null,"concurrency":null,"serviceAccountEmail":null,"vpc":null,"platform":"gcfv2","region":["southamerica-east1"],"labels":{},"callableTrigger":{},"entryPoint":"getCredits"},"suggestSpells":{"availableMemoryMb":null,"timeoutSeconds":null,"minInstances":null,"maxInstances":null,"ingressSettings":null,"concurrency":null,"serviceAccountEmail":null,"vpc":null,"platform":"gcfv2","region":["southamerica-east1"],"secretEnvironmentVariables":[{"key":"GEMINI_API_KEY"}],"labels":{},"callableTrigger":{},"entryPoint":"suggestSpells"},"processSpellJob":{"availableMemoryMb":512,"timeoutSeconds":540,"minInstances":null,"maxInstances":null,"ingressSettings":null,"concurrency":null,"serviceAccountEmail":null,"vpc":null,"platform":"gcfv2","region":["southamerica-east1"],"secretEnvironmentVariables":[{"key":"GEMINI_API_KEY"}],"labels":{},"eventTrigger":{"eventType":"google.cloud.firestore.document.v1.created","eventFilters":{"database":"(default)","namespace":"(default)"},"eventFilterPathPatterns":{"document":"jobs/{jobId}"},"retry":false},"entryPoint":"processSpellJob"},"uploadMedia":{"availableMemoryMb":1024,"timeoutSeconds":300,"minInstances":null,"maxInstances":null,"ingressSettings":null,"concurrency":null,"serviceAccountEmail":null,"vpc":null,"platform":"gcfv2","region":["southamerica-east1"],"labels":{},"callableTrigger":{},"entryPoint":"uploadMedia"},"claimInstallBonus":{"availableMemoryMb":null,"timeoutSeconds":null,"minInstances":null,"maxInstances":null,"ingressSettings":null,"concurrency":null,"serviceAccountEmail":null,"vpc":null,"platform":"gcfv2","region":["southamerica-east1"],"labels":{},"callableTrigger":{},"entryPoint":"claimInstallBonus"},"estimateManaCost":{"availableMemoryMb":null,"timeoutSeconds":null,"minInstances":null,"maxInstances":null,"ingressSettings":null,"concurrency":null,"serviceAccountEmail":null,"vpc":null,"platform":"gcfv2","region":["southamerica-east1"],"labels":{},"callableTrigger":{},"entryPoint":"estimateManaCost"}},"specVersion":"v1alpha1","requiredAPIs":[],"extensions":{}}
[info] i  extensions: ensuring required API firebaseextensions.googleapis.com is enabled... 
[debug] [2026-03-13T21:20:27.667Z] > command requires scopes: ["email","openid","https://www.googleapis.com/auth/cloudplatformprojects.readonly","https://www.googleapis.com/auth/firebase","https://www.googleapis.com/auth/cloud-platform"]
[debug] [2026-03-13T21:20:27.667Z] > authorizing via signed-in user (support@appacadabra.ai)
[debug] [2026-03-13T21:20:27.667Z] [iam] checking project appacadabra-bee0f for permissions ["firebase.projects.get","firebaseextensions.instances.list"]
[debug] [2026-03-13T21:20:27.667Z] Checked if tokens are valid: true, expires at: 1773440411892
[debug] [2026-03-13T21:20:27.667Z] Checked if tokens are valid: true, expires at: 1773440411892
[debug] [2026-03-13T21:20:27.667Z] >>> [apiv2][query] POST https://cloudresourcemanager.googleapis.com/v1/projects/appacadabra-bee0f:testIamPermissions [none]
[debug] [2026-03-13T21:20:27.667Z] >>> [apiv2][(partial)header] POST https://cloudresourcemanager.googleapis.com/v1/projects/appacadabra-bee0f:testIamPermissions  x-goog-user-project=appacadabra-bee0f
[debug] [2026-03-13T21:20:27.667Z] >>> [apiv2][body] POST https://cloudresourcemanager.googleapis.com/v1/projects/appacadabra-bee0f:testIamPermissions {"permissions":["firebase.projects.get","firebaseextensions.instances.list"]}
[debug] [2026-03-13T21:20:28.952Z] <<< [apiv2][status] POST https://cloudresourcemanager.googleapis.com/v1/projects/appacadabra-bee0f:testIamPermissions 200
[debug] [2026-03-13T21:20:28.952Z] <<< [apiv2][body] POST https://cloudresourcemanager.googleapis.com/v1/projects/appacadabra-bee0f:testIamPermissions {"permissions":["firebase.projects.get","firebaseextensions.instances.list"]}
[debug] [2026-03-13T21:20:28.952Z] Checked if tokens are valid: true, expires at: 1773440411892
[debug] [2026-03-13T21:20:28.953Z] Checked if tokens are valid: true, expires at: 1773440411892
[debug] [2026-03-13T21:20:28.953Z] >>> [apiv2][query] GET https://firebaseextensions.googleapis.com/v1beta/projects/appacadabra-bee0f/instances pageSize=100&pageToken=
[debug] [2026-03-13T21:20:30.148Z] <<< [apiv2][status] GET https://firebaseextensions.googleapis.com/v1beta/projects/appacadabra-bee0f/instances 200
[debug] [2026-03-13T21:20:30.148Z] <<< [apiv2][body] GET https://firebaseextensions.googleapis.com/v1beta/projects/appacadabra-bee0f/instances {}
[info] i  functions: preparing functions directory for uploading... 
[info] i  functions: packaged C:\dev\appacadabra\firebase\functions (220.08 KB) for uploading 
[debug] [2026-03-13T21:20:30.230Z] Checked if tokens are valid: true, expires at: 1773440411892
[debug] [2026-03-13T21:20:30.231Z] Checked if tokens are valid: true, expires at: 1773440411892
[debug] [2026-03-13T21:20:30.231Z] >>> [apiv2][query] GET https://cloudfunctions.googleapis.com/v1/projects/appacadabra-bee0f/locations/-/functions [none]
[debug] [2026-03-13T21:20:31.341Z] <<< [apiv2][status] GET https://cloudfunctions.googleapis.com/v1/projects/appacadabra-bee0f/locations/-/functions 200
[debug] [2026-03-13T21:20:31.341Z] <<< [apiv2][body] GET https://cloudfunctions.googleapis.com/v1/projects/appacadabra-bee0f/locations/-/functions {}
[debug] [2026-03-13T21:20:31.342Z] Checked if tokens are valid: true, expires at: 1773440411892
[debug] [2026-03-13T21:20:31.342Z] Checked if tokens are valid: true, expires at: 1773440411892
[debug] [2026-03-13T21:20:31.343Z] >>> [apiv2][query] GET https://cloudfunctions.googleapis.com/v2/projects/appacadabra-bee0f/locations/-/functions filter=environment%3D%22GEN_2%22
[debug] [2026-03-13T21:20:32.814Z] <<< [apiv2][status] GET https://cloudfunctions.googleapis.com/v2/projects/appacadabra-bee0f/locations/-/functions 200
[debug] [2026-03-13T21:20:32.814Z] <<< [apiv2][body] GET https://cloudfunctions.googleapis.com/v2/projects/appacadabra-bee0f/locations/-/functions {"functions":[{"name":"projects/appacadabra-bee0f/locations/southamerica-east1/functions/processSpellJob","buildConfig":{"build":"projects/901177243529/locations/southamerica-east1/builds/f364fa13-d628-488c-898c-cbb44df66ea3","runtime":"nodejs22","entryPoint":"processSpellJob","source":{"storageSource":{"bucket":"gcf-v2-sources-901177243529-southamerica-east1","object":"processSpellJob/function-source.zip","generation":"1773357461420770"}},"environmentVariables":{"GOOGLE_NODE_RUN_SCRIPTS":""},"dockerRepository":"projects/appacadabra-bee0f/locations/southamerica-east1/repositories/gcf-artifacts","sourceProvenance":{"resolvedStorageSource":{"bucket":"gcf-v2-sources-901177243529-southamerica-east1","object":"processSpellJob/function-source.zip","generation":"1773357461420770"}},"dockerRegistry":"ARTIFACT_REGISTRY","serviceAccount":"projects/appacadabra-bee0f/serviceAccounts/901177243529-compute@developer.gserviceaccount.com","automaticUpdatePolicy":{}},"serviceConfig":{"service":"projects/appacadabra-bee0f/locations/southamerica-east1/services/processspelljob","timeoutSeconds":540,"environmentVariables":{"FIREBASE_CONFIG":"{\"projectId\":\"appacadabra-bee0f\",\"storageBucket\":\"appacadabra-bee0f.firebasestorage.app\"}","GCLOUD_PROJECT":"appacadabra-bee0f","EVENTARC_CLOUD_EVENT_SOURCE":"projects/appacadabra-bee0f/locations/southamerica-east1/services/processSpellJob","FUNCTION_SIGNATURE_TYPE":"cloudevent","FUNCTION_TARGET":"processSpellJob","LOG_EXECUTION_ID":"true"},"maxInstanceCount":20,"ingressSettings":"ALLOW_ALL","uri":"https://processspelljob-vuv5axgmbq-rj.a.run.app","serviceAccountEmail":"901177243529-compute@developer.gserviceaccount.com","availableMemory":"512Mi","allTrafficOnLatestRevision":true,"secretEnvironmentVariables":[{"key":"GEMINI_API_KEY","projectId":"appacadabra-bee0f","secret":"GEMINI_API_KEY","version":"2"}],"revision":"processspelljob-00072-mom","maxInstanceRequestConcurrency":80,"availableCpu":"1"},"eventTrigger":{"trigger":"projects/appacadabra-bee0f/locations/southamerica-east1/triggers/processspelljob-001989","triggerRegion":"southamerica-east1","eventType":"google.cloud.firestore.document.v1.created","eventFilters":[{"attribute":"database","value":"(default)"},{"attribute":"namespace","value":"(default)"},{"attribute":"document","value":"jobs/{jobId}","operator":"match-path-pattern"}],"pubsubTopic":"projects/appacadabra-bee0f/topics/eventarc-southamerica-east1-processspelljob-001989-254","serviceAccountEmail":"901177243529-compute@developer.gserviceaccount.com","retryPolicy":"RETRY_POLICY_DO_NOT_RETRY"},"state":"ACTIVE","updateTime":"2026-03-12T23:18:04.420203074Z","labels":{"deployment-tool":"cli-firebase","firebase-functions-hash":"51dcfa39ce9e79c88db5c9b088fb0f58ddda0c8b"},"environment":"GEN_2","url":"https://southamerica-east1-appacadabra-bee0f.cloudfunctions.net/processSpellJob","satisfiesPzs":true,"createTime":"2026-01-28T12:51:45.876883493Z","satisfiesPzi":true},{"name":"projects/appacadabra-bee0f/locations/southamerica-east1/functions/estimateManaCost","buildConfig":{"build":"projects/901177243529/locations/southamerica-east1/builds/bf09a01a-ac46-4421-91b4-51858a2b2dab","runtime":"nodejs22","entryPoint":"estimateManaCost","source":{"storageSource":{"bucket":"gcf-v2-sources-901177243529-southamerica-east1","object":"estimateManaCost/function-source.zip","generation":"1773357387891778"}},"environmentVariables":{"GOOGLE_NODE_RUN_SCRIPTS":""},"dockerRepository":"projects/appacadabra-bee0f/locations/southamerica-east1/repositories/gcf-artifacts","sourceProvenance":{"resolvedStorageSource":{"bucket":"gcf-v2-sources-901177243529-southamerica-east1","object":"estimateManaCost/function-source.zip","generation":"1773357387891778"}},"dockerRegistry":"ARTIFACT_REGISTRY","serviceAccount":"projects/appacadabra-bee0f/serviceAccounts/901177243529-compute@developer.gserviceaccount.com","automaticUpdatePolicy":{}},"serviceConfig":{"service":"projects/appacadabra-bee0f/locations/southamerica-east1/services/estimatemanacost","timeoutSeconds":60,"environmentVariables":{"FIREBASE_CONFIG":"{\"projectId\":\"appacadabra-bee0f\",\"storageBucket\":\"appacadabra-bee0f.firebasestorage.app\"}","GCLOUD_PROJECT":"appacadabra-bee0f","EVENTARC_CLOUD_EVENT_SOURCE":"projects/appacadabra-bee0f/locations/southamerica-east1/services/estimateManaCost","FUNCTION_TARGET":"estimateManaCost","LOG_EXECUTION_ID":"true"},"ingressSettings":"ALLOW_ALL","uri":"https://estimatemanacost-vuv5axgmbq-rj.a.run.app","serviceAccountEmail":"901177243529-compute@developer.gserviceaccount.com","availableMemory":"256Mi","allTrafficOnLatestRevision":true,"revision":"estimatemanacost-00001-xef","maxInstanceRequestConcurrency":80,"availableCpu":"1"},"state":"ACTIVE","updateTime":"2026-03-12T23:18:22.990545468Z","labels":{"deployment-tool":"cli-firebase","deployment-callable":"true","firebase-functions-hash":"e244ea4e8964bdb588422da261a5e8499bd66fb5"},"environment":"GEN_2","url":"https://southamerica-east1-appacadabra-bee0f.cloudfunctions.net/estimateManaCost","satisfiesPzs":true,"createTime":"2026-03-12T23:16:28.385024427Z","satisfiesPzi":true},{"name":"projects/appacadabra-bee0f/locations/southamerica-east1/functions/suggestSpells","buildConfig":{"build":"projects/901177243529/locations/southamerica-east1/builds/bf09a01a-ac46-4421-91b4-51858a2b2dab","runtime":"nodejs22","entryPoint":"suggestSpells","source":{"storageSource":{"bucket":"gcf-v2-sources-901177243529-southamerica-east1","object":"suggestSpells/function-source.zip","generation":"1773357481581353"}},"environmentVariables":{"GOOGLE_NODE_RUN_SCRIPTS":""},"dockerRepository":"projects/appacadabra-bee0f/locations/southamerica-east1/repositories/gcf-artifacts","sourceProvenance":{"resolvedStorageSource":{"bucket":"gcf-v2-sources-901177243529-southamerica-east1","object":"suggestSpells/function-source.zip","generation":"1773357481581353"}},"dockerRegistry":"ARTIFACT_REGISTRY","serviceAccount":"projects/appacadabra-bee0f/serviceAccounts/901177243529-compute@developer.gserviceaccount.com","automaticUpdatePolicy":{}},"serviceConfig":{"service":"projects/appacadabra-bee0f/locations/southamerica-east1/services/suggestspells","timeoutSeconds":60,"environmentVariables":{"FIREBASE_CONFIG":"{\"projectId\":\"appacadabra-bee0f\",\"storageBucket\":\"appacadabra-bee0f.firebasestorage.app\"}","GCLOUD_PROJECT":"appacadabra-bee0f","EVENTARC_CLOUD_EVENT_SOURCE":"projects/appacadabra-bee0f/locations/southamerica-east1/services/suggestSpells","FUNCTION_TARGET":"suggestSpells","LOG_EXECUTION_ID":"true","FUNCTION_SIGNATURE_TYPE":"http"},"maxInstanceCount":20,"ingressSettings":"ALLOW_ALL","uri":"https://suggestspells-vuv5axgmbq-rj.a.run.app","serviceAccountEmail":"901177243529-compute@developer.gserviceaccount.com","availableMemory":"256Mi","allTrafficOnLatestRevision":true,"secretEnvironmentVariables":[{"key":"GEMINI_API_KEY","projectId":"appacadabra-bee0f","secret":"GEMINI_API_KEY","version":"2"}],"revision":"suggestspells-00023-xeh","maxInstanceRequestConcurrency":80,"availableCpu":"1"},"state":"ACTIVE","updateTime":"2026-03-12T23:18:21.495402100Z","labels":{"deployment-tool":"cli-firebase","deployment-callable":"true","firebase-functions-hash":"51dcfa39ce9e79c88db5c9b088fb0f58ddda0c8b"},"environment":"GEN_2","url":"https://southamerica-east1-appacadabra-bee0f.cloudfunctions.net/suggestSpells","satisfiesPzs":true,"createTime":"2026-03-05T23:11:10.274903491Z","satisfiesPzi":true},{"name":"projects/appacadabra-bee0f/locations/southamerica-east1/functions/generateSpell","buildConfig":{"build":"projects/901177243529/locations/southamerica-east1/builds/f364fa13-d628-488c-898c-cbb44df66ea3","runtime":"nodejs22","entryPoint":"generateSpell","source":{"storageSource":{"bucket":"gcf-v2-sources-901177243529-southamerica-east1","object":"generateSpell/function-source.zip","generation":"1773357388897582"}},"environmentVariables":{"GOOGLE_NODE_RUN_SCRIPTS":""},"dockerRepository":"projects/appacadabra-bee0f/locations/southamerica-east1/repositories/gcf-artifacts","sourceProvenance":{"resolvedStorageSource":{"bucket":"gcf-v2-sources-901177243529-southamerica-east1","object":"generateSpell/function-source.zip","generation":"1773357388897582"}},"dockerRegistry":"ARTIFACT_REGISTRY","serviceAccount":"projects/appacadabra-bee0f/serviceAccounts/901177243529-compute@developer.gserviceaccount.com","automaticUpdatePolicy":{}},"serviceConfig":{"service":"projects/appacadabra-bee0f/locations/southamerica-east1/services/generatespell","timeoutSeconds":300,"environmentVariables":{"FIREBASE_CONFIG":"{\"projectId\":\"appacadabra-bee0f\",\"storageBucket\":\"appacadabra-bee0f.firebasestorage.app\"}","GCLOUD_PROJECT":"appacadabra-bee0f","EVENTARC_CLOUD_EVENT_SOURCE":"projects/appacadabra-bee0f/locations/southamerica-east1/services/generateSpell","FUNCTION_TARGET":"generateSpell","LOG_EXECUTION_ID":"true"},"maxInstanceCount":20,"ingressSettings":"ALLOW_ALL","uri":"https://generatespell-vuv5axgmbq-rj.a.run.app","serviceAccountEmail":"901177243529-compute@developer.gserviceaccount.com","availableMemory":"512Mi","allTrafficOnLatestRevision":true,"secretEnvironmentVariables":[{"key":"GEMINI_API_KEY","projectId":"appacadabra-bee0f","secret":"GEMINI_API_KEY","version":"2"}],"revision":"generatespell-00072-pul","maxInstanceRequestConcurrency":80,"availableCpu":"1"},"state":"ACTIVE","updateTime":"2026-03-12T23:18:04.108545664Z","labels":{"firebase-functions-hash":"51dcfa39ce9e79c88db5c9b088fb0f58ddda0c8b","deployment-tool":"cli-firebase","deployment-callable":"true"},"environment":"GEN_2","url":"https://southamerica-east1-appacadabra-bee0f.cloudfunctions.net/generateSpell","satisfiesPzs":true,"createTime":"2026-01-28T12:50:12.994051100Z","satisfiesPzi":true},{"name":"projects/appacadabra-bee0f/locations/southamerica-east1/functions/uploadMedia","buildConfig":{"build":"projects/901177243529/locations/southamerica-east1/builds/865a2031-916f-4583-84d7-5c1ee89df8ca","runtime":"nodejs22","entryPoint":"uploadMedia","source":{"storageSource":{"bucket":"gcf-v2-sources-901177243529-southamerica-east1","object":"uploadMedia/function-source.zip","generation":"1773357388947581"}},"environmentVariables":{"GOOGLE_NODE_RUN_SCRIPTS":""},"dockerRepository":"projects/appacadabra-bee0f/locations/southamerica-east1/repositories/gcf-artifacts","sourceProvenance":{"resolvedStorageSource":{"bucket":"gcf-v2-sources-901177243529-southamerica-east1","object":"uploadMedia/function-source.zip","generation":"1773357388947581"}},"dockerRegistry":"ARTIFACT_REGISTRY","serviceAccount":"projects/appacadabra-bee0f/serviceAccounts/901177243529-compute@developer.gserviceaccount.com","automaticUpdatePolicy":{}},"serviceConfig":{"service":"projects/appacadabra-bee0f/locations/southamerica-east1/services/uploadmedia","timeoutSeconds":300,"environmentVariables":{"FIREBASE_CONFIG":"{\"projectId\":\"appacadabra-bee0f\",\"storageBucket\":\"appacadabra-bee0f.firebasestorage.app\"}","GCLOUD_PROJECT":"appacadabra-bee0f","EVENTARC_CLOUD_EVENT_SOURCE":"projects/appacadabra-bee0f/locations/southamerica-east1/services/uploadMedia","FUNCTION_TARGET":"uploadMedia","LOG_EXECUTION_ID":"true"},"maxInstanceCount":20,"ingressSettings":"ALLOW_ALL","uri":"https://uploadmedia-vuv5axgmbq-rj.a.run.app","serviceAccountEmail":"901177243529-compute@developer.gserviceaccount.com","availableMemory":"1024Mi","allTrafficOnLatestRevision":true,"revision":"uploadmedia-00010-fey","maxInstanceRequestConcurrency":80,"availableCpu":"1"},"state":"ACTIVE","updateTime":"2026-03-12T23:18:03.309206695Z","labels":{"deployment-tool":"cli-firebase","deployment-callable":"true","firebase-functions-hash":"e244ea4e8964bdb588422da261a5e8499bd66fb5"},"environment":"GEN_2","url":"https://southamerica-east1-appacadabra-bee0f.cloudfunctions.net/uploadMedia","satisfiesPzs":true,"createTime":"2026-03-07T01:34:30.274397214Z","satisfiesPzi":true},{"name":"projects/appacadabra-bee0f/locations/southamerica-east1/functions/getCredits","buildConfig":{"build":"projects/901177243529/locations/southamerica-east1/builds/bf09a01a-ac46-4421-91b4-51858a2b2dab","runtime":"nodejs22","entryPoint":"getCredits","source":{"storageSource":{"bucket":"gcf-v2-sources-901177243529-southamerica-east1","object":"getCredits/function-source.zip","generation":"1773357481804255"}},"environmentVariables":{"GOOGLE_NODE_RUN_SCRIPTS":""},"dockerRepository":"projects/appacadabra-bee0f/locations/southamerica-east1/repositories/gcf-artifacts","sourceProvenance":{"resolvedStorageSource":{"bucket":"gcf-v2-sources-901177243529-southamerica-east1","object":"getCredits/function-source.zip","generation":"1773357481804255"}},"dockerRegistry":"ARTIFACT_REGISTRY","serviceAccount":"projects/appacadabra-bee0f/serviceAccounts/901177243529-compute@developer.gserviceaccount.com","automaticUpdatePolicy":{}},"serviceConfig":{"service":"projects/appacadabra-bee0f/locations/southamerica-east1/services/getcredits","timeoutSeconds":60,"environmentVariables":{"FIREBASE_CONFIG":"{\"projectId\":\"appacadabra-bee0f\",\"storageBucket\":\"appacadabra-bee0f.firebasestorage.app\"}","GCLOUD_PROJECT":"appacadabra-bee0f","EVENTARC_CLOUD_EVENT_SOURCE":"projects/appacadabra-bee0f/locations/southamerica-east1/services/getCredits","FUNCTION_TARGET":"getCredits","LOG_EXECUTION_ID":"true","FUNCTION_SIGNATURE_TYPE":"http"},"maxInstanceCount":20,"ingressSettings":"ALLOW_ALL","uri":"https://getcredits-vuv5axgmbq-rj.a.run.app","serviceAccountEmail":"901177243529-compute@developer.gserviceaccount.com","availableMemory":"256Mi","allTrafficOnLatestRevision":true,"revision":"getcredits-00072-bom","maxInstanceRequestConcurrency":80,"availableCpu":"1"},"state":"ACTIVE","updateTime":"2026-03-12T23:18:20.425150676Z","labels":{"deployment-callable":"true","firebase-functions-hash":"e244ea4e8964bdb588422da261a5e8499bd66fb5","deployment-tool":"cli-firebase"},"environment":"GEN_2","url":"https://southamerica-east1-appacadabra-bee0f.cloudfunctions.net/getCredits","satisfiesPzs":true,"createTime":"2026-01-28T12:51:46.032048310Z","satisfiesPzi":true},{"name":"projects/appacadabra-bee0f/locations/southamerica-east1/functions/addCredits","buildConfig":{"build":"projects/901177243529/locations/southamerica-east1/builds/bf09a01a-ac46-4421-91b4-51858a2b2dab","runtime":"nodejs22","entryPoint":"addCredits","source":{"storageSource":{"bucket":"gcf-v2-sources-901177243529-southamerica-east1","object":"addCredits/function-source.zip","generation":"1773357481788441"}},"environmentVariables":{"GOOGLE_NODE_RUN_SCRIPTS":""},"dockerRepository":"projects/appacadabra-bee0f/locations/southamerica-east1/repositories/gcf-artifacts","sourceProvenance":{"resolvedStorageSource":{"bucket":"gcf-v2-sources-901177243529-southamerica-east1","object":"addCredits/function-source.zip","generation":"1773357481788441"}},"dockerRegistry":"ARTIFACT_REGISTRY","serviceAccount":"projects/appacadabra-bee0f/serviceAccounts/901177243529-compute@developer.gserviceaccount.com","automaticUpdatePolicy":{}},"serviceConfig":{"service":"projects/appacadabra-bee0f/locations/southamerica-east1/services/addcredits","timeoutSeconds":60,"environmentVariables":{"FIREBASE_CONFIG":"{\"projectId\":\"appacadabra-bee0f\",\"storageBucket\":\"appacadabra-bee0f.firebasestorage.app\"}","GCLOUD_PROJECT":"appacadabra-bee0f","EVENTARC_CLOUD_EVENT_SOURCE":"projects/appacadabra-bee0f/locations/southamerica-east1/services/addCredits","FUNCTION_TARGET":"addCredits","LOG_EXECUTION_ID":"true","FUNCTION_SIGNATURE_TYPE":"http"},"maxInstanceCount":20,"ingressSettings":"ALLOW_ALL","uri":"https://addcredits-vuv5axgmbq-rj.a.run.app","serviceAccountEmail":"901177243529-compute@developer.gserviceaccount.com","availableMemory":"256Mi","allTrafficOnLatestRevision":true,"revision":"addcredits-00072-sog","maxInstanceRequestConcurrency":80,"availableCpu":"1"},"state":"ACTIVE","updateTime":"2026-03-12T23:18:20.764314483Z","labels":{"deployment-tool":"cli-firebase","deployment-callable":"true","firebase-functions-hash":"e244ea4e8964bdb588422da261a5e8499bd66fb5"},"environment":"GEN_2","url":"https://southamerica-east1-appacadabra-bee0f.cloudfunctions.net/addCredits","satisfiesPzs":true,"createTime":"2026-01-28T12:50:13.063409367Z","satisfiesPzi":true},{"name":"projects/appacadabra-bee0f/locations/southamerica-east1/functions/claimInstallBonus","buildConfig":{"build":"projects/901177243529/locations/southamerica-east1/builds/bf09a01a-ac46-4421-91b4-51858a2b2dab","runtime":"nodejs22","entryPoint":"claimInstallBonus","source":{"storageSource":{"bucket":"gcf-v2-sources-901177243529-southamerica-east1","object":"claimInstallBonus/function-source.zip","generation":"1773357481947921"}},"environmentVariables":{"GOOGLE_NODE_RUN_SCRIPTS":""},"dockerRepository":"projects/appacadabra-bee0f/locations/southamerica-east1/repositories/gcf-artifacts","sourceProvenance":{"resolvedStorageSource":{"bucket":"gcf-v2-sources-901177243529-southamerica-east1","object":"claimInstallBonus/function-source.zip","generation":"1773357481947921"}},"dockerRegistry":"ARTIFACT_REGISTRY","serviceAccount":"projects/appacadabra-bee0f/serviceAccounts/901177243529-compute@developer.gserviceaccount.com","automaticUpdatePolicy":{}},"serviceConfig":{"service":"projects/appacadabra-bee0f/locations/southamerica-east1/services/claiminstallbonus","timeoutSeconds":60,"environmentVariables":{"FIREBASE_CONFIG":"{\"projectId\":\"appacadabra-bee0f\",\"storageBucket\":\"appacadabra-bee0f.firebasestorage.app\"}","GCLOUD_PROJECT":"appacadabra-bee0f","EVENTARC_CLOUD_EVENT_SOURCE":"projects/appacadabra-bee0f/locations/southamerica-east1/services/claimInstallBonus","FUNCTION_TARGET":"claimInstallBonus","LOG_EXECUTION_ID":"true","FUNCTION_SIGNATURE_TYPE":"http"},"maxInstanceCount":20,"ingressSettings":"ALLOW_ALL","uri":"https://claiminstallbonus-vuv5axgmbq-rj.a.run.app","serviceAccountEmail":"901177243529-compute@developer.gserviceaccount.com","availableMemory":"256Mi","allTrafficOnLatestRevision":true,"revision":"claiminstallbonus-00004-qaj","maxInstanceRequestConcurrency":80,"availableCpu":"1"},"state":"ACTIVE","updateTime":"2026-03-12T23:18:20.905070919Z","labels":{"deployment-callable":"true","firebase-functions-hash":"e244ea4e8964bdb588422da261a5e8499bd66fb5","deployment-tool":"cli-firebase"},"environment":"GEN_2","url":"https://southamerica-east1-appacadabra-bee0f.cloudfunctions.net/claimInstallBonus","satisfiesPzs":true,"createTime":"2026-03-12T00:08:16.868720765Z","satisfiesPzi":true}]}
[debug] [2026-03-13T21:20:32.818Z] Checked if tokens are valid: true, expires at: 1773440411892
[debug] [2026-03-13T21:20:32.818Z] Checked if tokens are valid: true, expires at: 1773440411892
[debug] [2026-03-13T21:20:32.819Z] >>> [apiv2][query] GET https://firestore.googleapis.com/v1/projects/appacadabra-bee0f/databases/(default) [none]
[debug] [2026-03-13T21:20:33.169Z] <<< [apiv2][status] GET https://firestore.googleapis.com/v1/projects/appacadabra-bee0f/databases/(default) 200
[debug] [2026-03-13T21:20:33.169Z] <<< [apiv2][body] GET https://firestore.googleapis.com/v1/projects/appacadabra-bee0f/databases/(default) {"name":"projects/appacadabra-bee0f/databases/(default)","uid":"076f4fc6-0db0-4705-9c83-bcb2d5f0161d","createTime":"2026-01-21T19:12:21.378499Z","updateTime":"2026-01-21T19:12:21.378499Z","locationId":"southamerica-east1","type":"FIRESTORE_NATIVE","concurrencyMode":"PESSIMISTIC","versionRetentionPeriod":"3600s","earliestVersionTime":"2026-03-13T20:20:33.436211Z","appEngineIntegrationMode":"DISABLED","keyPrefix":"i","pointInTimeRecoveryEnablement":"POINT_IN_TIME_RECOVERY_DISABLED","deleteProtectionState":"DELETE_PROTECTION_DISABLED","databaseEdition":"STANDARD","freeTier":true,"realtimeUpdatesMode":"REALTIME_UPDATES_MODE_ENABLED","etag":"IMWd9IPnnZMDMNDO4NWp15ID"}
[info] i  functions: ensuring required API run.googleapis.com is enabled... 
[info] i  functions: ensuring required API eventarc.googleapis.com is enabled... 
[info] i  functions: ensuring required API pubsub.googleapis.com is enabled... 
[info] i  functions: ensuring required API storage.googleapis.com is enabled... 
[info] i  functions: generating the service identity for pubsub.googleapis.com... 
[debug] [2026-03-13T21:20:33.175Z] Checked if tokens are valid: true, expires at: 1773440411892
[debug] [2026-03-13T21:20:33.175Z] Checked if tokens are valid: true, expires at: 1773440411892
[info] i  functions: generating the service identity for eventarc.googleapis.com... 
[debug] [2026-03-13T21:20:33.176Z] Checked if tokens are valid: true, expires at: 1773440411892
[debug] [2026-03-13T21:20:33.176Z] Checked if tokens are valid: true, expires at: 1773440411892
[debug] [2026-03-13T21:20:33.176Z] >>> [apiv2][query] POST https://serviceusage.googleapis.com/v1beta1/projects/901177243529/services/pubsub.googleapis.com:generateServiceIdentity [none]
[debug] [2026-03-13T21:20:33.176Z] >>> [apiv2][(partial)header] POST https://serviceusage.googleapis.com/v1beta1/projects/901177243529/services/pubsub.googleapis.com:generateServiceIdentity  x-goog-user-project=901177243529
[debug] [2026-03-13T21:20:33.176Z] >>> [apiv2][body] POST https://serviceusage.googleapis.com/v1beta1/projects/901177243529/services/pubsub.googleapis.com:generateServiceIdentity {}
[debug] [2026-03-13T21:20:33.178Z] >>> [apiv2][query] POST https://serviceusage.googleapis.com/v1beta1/projects/901177243529/services/eventarc.googleapis.com:generateServiceIdentity [none]
[debug] [2026-03-13T21:20:33.178Z] >>> [apiv2][(partial)header] POST https://serviceusage.googleapis.com/v1beta1/projects/901177243529/services/eventarc.googleapis.com:generateServiceIdentity  x-goog-user-project=901177243529
[debug] [2026-03-13T21:20:33.178Z] >>> [apiv2][body] POST https://serviceusage.googleapis.com/v1beta1/projects/901177243529/services/eventarc.googleapis.com:generateServiceIdentity {}
[debug] [2026-03-13T21:20:34.419Z] <<< [apiv2][status] POST https://serviceusage.googleapis.com/v1beta1/projects/901177243529/services/pubsub.googleapis.com:generateServiceIdentity 200
[debug] [2026-03-13T21:20:34.420Z] <<< [apiv2][body] POST https://serviceusage.googleapis.com/v1beta1/projects/901177243529/services/pubsub.googleapis.com:generateServiceIdentity {"name":"operations/finished.DONE_OPERATION","done":true,"response":{"@type":"type.googleapis.com/google.api.serviceusage.v1beta1.ServiceIdentity","email":"service-901177243529@gcp-sa-pubsub.iam.gserviceaccount.com","uniqueId":"105367932768816147713"}}
[debug] [2026-03-13T21:20:34.435Z] <<< [apiv2][status] POST https://serviceusage.googleapis.com/v1beta1/projects/901177243529/services/eventarc.googleapis.com:generateServiceIdentity 200
[debug] [2026-03-13T21:20:34.436Z] <<< [apiv2][body] POST https://serviceusage.googleapis.com/v1beta1/projects/901177243529/services/eventarc.googleapis.com:generateServiceIdentity {"name":"operations/finished.DONE_OPERATION","done":true,"response":{"@type":"type.googleapis.com/google.api.serviceusage.v1beta1.ServiceIdentity","email":"service-901177243529@gcp-sa-eventarc.iam.gserviceaccount.com","uniqueId":"104610967043622729977"}}
[info] i  functions: ensuring required API secretmanager.googleapis.com is enabled... 
[debug] [2026-03-13T21:20:34.444Z] Checked if tokens are valid: true, expires at: 1773440411892
[debug] [2026-03-13T21:20:34.445Z] Checked if tokens are valid: true, expires at: 1773440411892
[debug] [2026-03-13T21:20:34.446Z] >>> [apiv2][query] GET https://secretmanager.googleapis.com/v1/projects/appacadabra-bee0f/secrets/GEMINI_API_KEY/versions/latest [none]
[debug] [2026-03-13T21:20:34.954Z] <<< [apiv2][status] GET https://secretmanager.googleapis.com/v1/projects/appacadabra-bee0f/secrets/GEMINI_API_KEY/versions/latest 200
[debug] [2026-03-13T21:20:34.954Z] <<< [apiv2][body] GET https://secretmanager.googleapis.com/v1/projects/appacadabra-bee0f/secrets/GEMINI_API_KEY/versions/latest {"name":"projects/901177243529/secrets/GEMINI_API_KEY/versions/2","createTime":"2026-01-20T21:50:22.760954Z","state":"ENABLED","replicationStatus":{"automatic":{}},"etag":"\"1648d8cb647ffa\""}
[debug] [2026-03-13T21:20:34.955Z] Resolved secret version of GEMINI_API_KEY to 2.
[debug] [2026-03-13T21:20:34.957Z] Checked if tokens are valid: true, expires at: 1773440411892
[debug] [2026-03-13T21:20:34.958Z] Checked if tokens are valid: true, expires at: 1773440411892
[debug] [2026-03-13T21:20:34.958Z] >>> [apiv2][query] GET https://cloudresourcemanager.googleapis.com/v1/projects/appacadabra-bee0f [none]
[debug] [2026-03-13T21:20:35.924Z] <<< [apiv2][status] GET https://cloudresourcemanager.googleapis.com/v1/projects/appacadabra-bee0f 200
[debug] [2026-03-13T21:20:35.925Z] <<< [apiv2][body] GET https://cloudresourcemanager.googleapis.com/v1/projects/appacadabra-bee0f {"projectNumber":"901177243529","projectId":"appacadabra-bee0f","lifecycleState":"ACTIVE","name":"appacadabra","labels":{"firebase":"enabled","firebase-core":"disabled"},"createTime":"2026-01-20T09:44:10.625807Z"}
[debug] [2026-03-13T21:20:35.925Z] Checked if tokens are valid: true, expires at: 1773440411892
[debug] [2026-03-13T21:20:35.925Z] Checked if tokens are valid: true, expires at: 1773440411892
[debug] [2026-03-13T21:20:35.926Z] >>> [apiv2][query] GET https://compute.googleapis.com/compute/v1/projects/901177243529 [none]
[debug] [2026-03-13T21:20:36.959Z] <<< [apiv2][status] GET https://compute.googleapis.com/compute/v1/projects/901177243529 200
[debug] [2026-03-13T21:20:36.960Z] <<< [apiv2][body] GET https://compute.googleapis.com/compute/v1/projects/901177243529 {"kind":"compute#project","id":"3523673949627237214","creationTimestamp":"2026-01-28T04:14:41.825-08:00","name":"appacadabra-bee0f","commonInstanceMetadata":{"kind":"compute#metadata","fingerprint":"WPP1Ze0WpbU="},"quotas":[{"metric":"SNAPSHOTS","limit":1000,"usage":0},{"metric":"NETWORKS","limit":5,"usage":1},{"metric":"FIREWALLS","limit":100,"usage":4},{"metric":"IMAGES","limit":100,"usage":0},{"metric":"STATIC_ADDRESSES","limit":8,"usage":0},{"metric":"ROUTES","limit":200,"usage":0},{"metric":"FORWARDING_RULES","limit":15,"usage":0},{"metric":"TARGET_POOLS","limit":50,"usage":0},{"metric":"HEALTH_CHECKS","limit":75,"usage":0},{"metric":"IN_USE_ADDRESSES","limit":8,"usage":0},{"metric":"TARGET_INSTANCES","limit":50,"usage":0},{"metric":"TARGET_HTTP_PROXIES","limit":10,"usage":0},{"metric":"URL_MAPS","limit":10,"usage":0},{"metric":"BACKEND_SERVICES","limit":50,"usage":0},{"metric":"INSTANCE_TEMPLATES","limit":100,"usage":0},{"metric":"TARGET_VPN_GATEWAYS","limit":5,"usage":0},{"metric":"VPN_TUNNELS","limit":10,"usage":0},{"metric":"BACKEND_BUCKETS","limit":3,"usage":0},{"metric":"ROUTERS","limit":10,"usage":0},{"metric":"TARGET_SSL_PROXIES","limit":10,"usage":0},{"metric":"TARGET_HTTPS_PROXIES","limit":10,"usage":0},{"metric":"SSL_CERTIFICATES","limit":10,"usage":0},{"metric":"SUBNETWORKS","limit":100,"usage":0},{"metric":"TARGET_TCP_PROXIES","limit":10,"usage":0},{"metric":"CPUS_ALL_REGIONS","limit":32,"usage":0},{"metric":"SECURITY_POLICIES","limit":10,"usage":0},{"metric":"SECURITY_POLICY_RULES","limit":100,"usage":0},{"metric":"XPN_SERVICE_PROJECTS","limit":1000,"usage":0},{"metric":"PACKET_MIRRORINGS","limit":20,"usage":0},{"metric":"NETWORK_ENDPOINT_GROUPS","limit":100,"usage":0},{"metric":"INTERCONNECTS","limit":6,"usage":0},{"metric":"SSL_POLICIES","limit":10,"usage":0},{"metric":"GLOBAL_INTERNAL_ADDRESSES","limit":5000,"usage":0},{"metric":"VPN_GATEWAYS","limit":5,"usage":0},{"metric":"MACHINE_IMAGES","limit":100,"usage":0},{"metric":"SECURITY_POLICY_CEVAL_RULES","limit":20,"usage":0},{"metric":"GPUS_ALL_REGIONS","limit":0,"usage":0},{"metric":"EXTERNAL_VPN_GATEWAYS","limit":5,"usage":0},{"metric":"PUBLIC_ADVERTISED_PREFIXES","limit":1,"usage":0},{"metric":"PUBLIC_DELEGATED_PREFIXES","limit":10,"usage":0},{"metric":"STATIC_BYOIP_ADDRESSES","limit":128,"usage":0},{"metric":"NETWORK_FIREWALL_POLICIES","limit":10,"usage":0},{"metric":"INTERNAL_TRAFFIC_DIRECTOR_FORWARDING_RULES","limit":15,"usage":0},{"metric":"GLOBAL_EXTERNAL_MANAGED_FORWARDING_RULES","limit":15,"usage":0},{"metric":"GLOBAL_INTERNAL_MANAGED_BACKEND_SERVICES","limit":50,"usage":0},{"metric":"GLOBAL_EXTERNAL_MANAGED_BACKEND_SERVICES","limit":50,"usage":0},{"metric":"GLOBAL_EXTERNAL_PROXY_LB_BACKEND_SERVICES","limit":50,"usage":0},{"metric":"GLOBAL_INTERNAL_TRAFFIC_DIRECTOR_BACKEND_SERVICES","limit":250,"usage":0}],"selfLink":"https://www.googleapis.com/compute/v1/projects/appacadabra-bee0f","defaultServiceAccount":"901177243529-compute@developer.gserviceaccount.com","xpnProjectStatus":"UNSPECIFIED_XPN_PROJECT_STATUS","defaultNetworkTier":"PREMIUM","vmDnsSetting":"ZONAL_ONLY","cloudArmorTier":"CA_STANDARD"}
[debug] [2026-03-13T21:20:36.962Z] Checked if tokens are valid: true, expires at: 1773440411892
[debug] [2026-03-13T21:20:36.962Z] Checked if tokens are valid: true, expires at: 1773440411892
[debug] [2026-03-13T21:20:36.962Z] >>> [apiv2][query] GET https://cloudbilling.googleapis.com/v1/projects/appacadabra-bee0f/billingInfo [none]
[debug] [2026-03-13T21:20:38.376Z] <<< [apiv2][status] GET https://cloudbilling.googleapis.com/v1/projects/appacadabra-bee0f/billingInfo 200
[debug] [2026-03-13T21:20:38.376Z] <<< [apiv2][body] GET https://cloudbilling.googleapis.com/v1/projects/appacadabra-bee0f/billingInfo {"name":"projects/appacadabra-bee0f/billingInfo","projectId":"appacadabra-bee0f","billingAccountName":"billingAccounts/015418-320A68-EB341B","billingEnabled":true}
[debug] [2026-03-13T21:20:38.388Z] Checked if tokens are valid: true, expires at: 1773440411892
[debug] [2026-03-13T21:20:38.389Z] Checked if tokens are valid: true, expires at: 1773440411892
[debug] [2026-03-13T21:20:38.389Z] >>> [apiv2][query] POST https://cloudfunctions.googleapis.com/v2/projects/appacadabra-bee0f/locations/southamerica-east1/functions:generateUploadUrl [none]
[debug] [2026-03-13T21:20:39.238Z] <<< [apiv2][status] POST https://cloudfunctions.googleapis.com/v2/projects/appacadabra-bee0f/locations/southamerica-east1/functions:generateUploadUrl 200
[debug] [2026-03-13T21:20:39.238Z] <<< [apiv2][body] POST https://cloudfunctions.googleapis.com/v2/projects/appacadabra-bee0f/locations/southamerica-east1/functions:generateUploadUrl {"uploadUrl":"https://storage.googleapis.com/gcf-v2-uploads-901177243529.southamerica-east1.cloudfunctions.appspot.com/2f7ee4e8-11de-42b1-a95c-261f5ed86f08.zip?GoogleAccessId=service-901177243529@gcf-admin-robot.iam.gserviceaccount.com&Expires=1773438639&Signature=ymDLIYcqltS4t5PeVPH00BybLg%2BbzOPP%2FcA0o5WEbpD4Yg5rzcSVWzqPx8MzLudtgtV1fpC6tSOPT%2FS6KTnwuxwHo9W9nNpkmqw48P7xiTOPc08SneCls5B%2FS8rC004l4v7QnVne6lAVLU%2FpJwA9UhKDSdQajOTjjV92bKj0pvAONJoL7%2FA3afWvkRiK6ydS3b2yCy2JqPGQuNA2xVVV6EqsOW5zM2Man7mos8pjLImMtSYtsFk7LioeDoHmfoAFl5K%2FL6tp%2FCm254Jckg10lb83poVwxGhoxOk6Km4ceRm4O1Ug26UYhamH5pGmWlV4gK62p%2BynyFkT03tqIvoJQw%3D%3D","storageSource":{"bucket":"gcf-v2-uploads-901177243529.southamerica-east1.cloudfunctions.appspot.com","object":"2f7ee4e8-11de-42b1-a95c-261f5ed86f08.zip"}}
[debug] [2026-03-13T21:20:39.241Z] >>> [apiv2][query] PUT https://storage.googleapis.com/gcf-v2-uploads-901177243529.southamerica-east1.cloudfunctions.appspot.com/2f7ee4e8-11de-42b1-a95c-261f5ed86f08.zip GoogleAccessId=service-901177243529%40gcf-admin-robot.iam.gserviceaccount.com&Expires=1773438639&Signature=ymDLIYcqltS4t5PeVPH00BybLg%2BbzOPP%2FcA0o5WEbpD4Yg5rzcSVWzqPx8MzLudtgtV1fpC6tSOPT%2FS6KTnwuxwHo9W9nNpkmqw48P7xiTOPc08SneCls5B%2FS8rC004l4v7QnVne6lAVLU%2FpJwA9UhKDSdQajOTjjV92bKj0pvAONJoL7%2FA3afWvkRiK6ydS3b2yCy2JqPGQuNA2xVVV6EqsOW5zM2Man7mos8pjLImMtSYtsFk7LioeDoHmfoAFl5K%2FL6tp%2FCm254Jckg10lb83poVwxGhoxOk6Km4ceRm4O1Ug26UYhamH5pGmWlV4gK62p%2BynyFkT03tqIvoJQw%3D%3D
[debug] [2026-03-13T21:20:39.241Z] >>> [apiv2][body] PUT https://storage.googleapis.com/gcf-v2-uploads-901177243529.southamerica-east1.cloudfunctions.appspot.com/2f7ee4e8-11de-42b1-a95c-261f5ed86f08.zip [stream]
[debug] [2026-03-13T21:20:49.060Z] <<< [apiv2][status] PUT https://storage.googleapis.com/gcf-v2-uploads-901177243529.southamerica-east1.cloudfunctions.appspot.com/2f7ee4e8-11de-42b1-a95c-261f5ed86f08.zip 200
[debug] [2026-03-13T21:20:49.060Z] <<< [apiv2][body] PUT https://storage.googleapis.com/gcf-v2-uploads-901177243529.southamerica-east1.cloudfunctions.appspot.com/2f7ee4e8-11de-42b1-a95c-261f5ed86f08.zip [omitted]
[info] +  functions: functions source uploaded successfully 
[info] i  functions: updating Node.js 22 (2nd Gen) function generateSpell(southamerica-east1)... 
[info] i  functions: updating Node.js 22 (2nd Gen) function processSpellJob(southamerica-east1)... 
[info] i  functions: updating Node.js 22 (2nd Gen) function addCredits(southamerica-east1)... 
[info] i  functions: updating Node.js 22 (2nd Gen) function getCredits(southamerica-east1)... 
[info] i  functions: updating Node.js 22 (2nd Gen) function suggestSpells(southamerica-east1)... 
[info] i  functions: updating Node.js 22 (2nd Gen) function claimInstallBonus(southamerica-east1)... 
[info] i  functions: updating Node.js 22 (2nd Gen) function estimateManaCost(southamerica-east1)... 
[info] i  functions: updating Node.js 22 (2nd Gen) function uploadMedia(southamerica-east1)... 
[debug] [2026-03-13T21:20:49.070Z] Checked if tokens are valid: true, expires at: 1773440411892
[debug] [2026-03-13T21:20:49.070Z] Checked if tokens are valid: true, expires at: 1773440411892
[debug] [2026-03-13T21:20:49.071Z] Checked if tokens are valid: true, expires at: 1773440411892
[debug] [2026-03-13T21:20:49.071Z] Checked if tokens are valid: true, expires at: 1773440411892
[debug] [2026-03-13T21:20:49.071Z] Checked if tokens are valid: true, expires at: 1773440411892
[debug] [2026-03-13T21:20:49.071Z] Checked if tokens are valid: true, expires at: 1773440411892
[debug] [2026-03-13T21:20:49.071Z] >>> [apiv2][query] PATCH https://cloudfunctions.googleapis.com/v2/projects/appacadabra-bee0f/locations/southamerica-east1/functions/generateSpell updateMask=name%2CbuildConfig.runtime%2CbuildConfig.entryPoint%2CbuildConfig.source.storageSource.bucket%2CbuildConfig.source.storageSource.object%2CbuildConfig.environmentVariables%2CbuildConfig.sourceToken%2CserviceConfig.environmentVariables%2CserviceConfig.secretEnvironmentVariables%2CserviceConfig.ingressSettings%2CserviceConfig.timeoutSeconds%2CserviceConfig.serviceAccountEmail%2CserviceConfig.availableMemory%2CserviceConfig.minInstanceCount%2CserviceConfig.maxInstanceCount%2CserviceConfig.maxInstanceRequestConcurrency%2CserviceConfig.availableCpu%2CserviceConfig.vpcConnector%2CserviceConfig.vpcConnectorEgressSettings%2Clabels
[debug] [2026-03-13T21:20:49.071Z] >>> [apiv2][body] PATCH https://cloudfunctions.googleapis.com/v2/projects/appacadabra-bee0f/locations/southamerica-east1/functions/generateSpell {"name":"projects/appacadabra-bee0f/locations/southamerica-east1/functions/generateSpell","buildConfig":{"runtime":"nodejs22","entryPoint":"generateSpell","source":{"storageSource":{"bucket":"gcf-v2-uploads-901177243529.southamerica-east1.cloudfunctions.appspot.com","object":"2f7ee4e8-11de-42b1-a95c-261f5ed86f08.zip"}},"environmentVariables":{"GOOGLE_NODE_RUN_SCRIPTS":""}},"serviceConfig":{"environmentVariables":{"FIREBASE_CONFIG":"{\"projectId\":\"appacadabra-bee0f\",\"storageBucket\":\"appacadabra-bee0f.firebasestorage.app\"}","GCLOUD_PROJECT":"appacadabra-bee0f","EVENTARC_CLOUD_EVENT_SOURCE":"projects/appacadabra-bee0f/locations/southamerica-east1/services/generateSpell","FUNCTION_TARGET":"generateSpell","LOG_EXECUTION_ID":"true"},"secretEnvironmentVariables":[{"key":"GEMINI_API_KEY","secret":"GEMINI_API_KEY","projectId":"appacadabra-bee0f","version":"2"}],"ingressSettings":null,"timeoutSeconds":300,"serviceAccountEmail":null,"availableMemory":"512Mi","minInstanceCount":null,"maxInstanceCount":null,"maxInstanceRequestConcurrency":80,"availableCpu":"1","vpcConnector":null,"vpcConnectorEgressSettings":null},"labels":{"deployment-tool":"cli-firebase","deployment-callable":"true","firebase-functions-hash":"1232314584414664f366e06b24d36300fc9f3097"}}
[debug] [2026-03-13T21:20:49.073Z] >>> [apiv2][query] PATCH https://cloudfunctions.googleapis.com/v2/projects/appacadabra-bee0f/locations/southamerica-east1/functions/addCredits updateMask=name%2CbuildConfig.runtime%2CbuildConfig.entryPoint%2CbuildConfig.source.storageSource.bucket%2CbuildConfig.source.storageSource.object%2CbuildConfig.environmentVariables%2CbuildConfig.sourceToken%2CserviceConfig.environmentVariables%2CserviceConfig.ingressSettings%2CserviceConfig.timeoutSeconds%2CserviceConfig.serviceAccountEmail%2CserviceConfig.availableMemory%2CserviceConfig.minInstanceCount%2CserviceConfig.maxInstanceCount%2CserviceConfig.maxInstanceRequestConcurrency%2CserviceConfig.availableCpu%2CserviceConfig.vpcConnector%2CserviceConfig.vpcConnectorEgressSettings%2Clabels
[debug] [2026-03-13T21:20:49.073Z] >>> [apiv2][body] PATCH https://cloudfunctions.googleapis.com/v2/projects/appacadabra-bee0f/locations/southamerica-east1/functions/addCredits {"name":"projects/appacadabra-bee0f/locations/southamerica-east1/functions/addCredits","buildConfig":{"runtime":"nodejs22","entryPoint":"addCredits","source":{"storageSource":{"bucket":"gcf-v2-uploads-901177243529.southamerica-east1.cloudfunctions.appspot.com","object":"2f7ee4e8-11de-42b1-a95c-261f5ed86f08.zip"}},"environmentVariables":{"GOOGLE_NODE_RUN_SCRIPTS":""}},"serviceConfig":{"environmentVariables":{"FIREBASE_CONFIG":"{\"projectId\":\"appacadabra-bee0f\",\"storageBucket\":\"appacadabra-bee0f.firebasestorage.app\"}","GCLOUD_PROJECT":"appacadabra-bee0f","EVENTARC_CLOUD_EVENT_SOURCE":"projects/appacadabra-bee0f/locations/southamerica-east1/services/addCredits","FUNCTION_TARGET":"addCredits","LOG_EXECUTION_ID":"true","FUNCTION_SIGNATURE_TYPE":"http"},"ingressSettings":null,"timeoutSeconds":null,"serviceAccountEmail":null,"availableMemory":"256Mi","minInstanceCount":null,"maxInstanceCount":null,"maxInstanceRequestConcurrency":80,"availableCpu":"1","vpcConnector":null,"vpcConnectorEgressSettings":null},"labels":{"deployment-tool":"cli-firebase","deployment-callable":"true","firebase-functions-hash":"61b22a204447c9c732a614aeb093c8381a110d07"}}
[debug] [2026-03-13T21:20:49.074Z] >>> [apiv2][query] PATCH https://cloudfunctions.googleapis.com/v2/projects/appacadabra-bee0f/locations/southamerica-east1/functions/uploadMedia updateMask=name%2CbuildConfig.runtime%2CbuildConfig.entryPoint%2CbuildConfig.source.storageSource.bucket%2CbuildConfig.source.storageSource.object%2CbuildConfig.environmentVariables%2CbuildConfig.sourceToken%2CserviceConfig.environmentVariables%2CserviceConfig.ingressSettings%2CserviceConfig.timeoutSeconds%2CserviceConfig.serviceAccountEmail%2CserviceConfig.availableMemory%2CserviceConfig.minInstanceCount%2CserviceConfig.maxInstanceCount%2CserviceConfig.maxInstanceRequestConcurrency%2CserviceConfig.availableCpu%2CserviceConfig.vpcConnector%2CserviceConfig.vpcConnectorEgressSettings%2Clabels
[debug] [2026-03-13T21:20:49.074Z] >>> [apiv2][body] PATCH https://cloudfunctions.googleapis.com/v2/projects/appacadabra-bee0f/locations/southamerica-east1/functions/uploadMedia {"name":"projects/appacadabra-bee0f/locations/southamerica-east1/functions/uploadMedia","buildConfig":{"runtime":"nodejs22","entryPoint":"uploadMedia","source":{"storageSource":{"bucket":"gcf-v2-uploads-901177243529.southamerica-east1.cloudfunctions.appspot.com","object":"2f7ee4e8-11de-42b1-a95c-261f5ed86f08.zip"}},"environmentVariables":{"GOOGLE_NODE_RUN_SCRIPTS":""}},"serviceConfig":{"environmentVariables":{"FIREBASE_CONFIG":"{\"projectId\":\"appacadabra-bee0f\",\"storageBucket\":\"appacadabra-bee0f.firebasestorage.app\"}","GCLOUD_PROJECT":"appacadabra-bee0f","EVENTARC_CLOUD_EVENT_SOURCE":"projects/appacadabra-bee0f/locations/southamerica-east1/services/uploadMedia","FUNCTION_TARGET":"uploadMedia","LOG_EXECUTION_ID":"true"},"ingressSettings":null,"timeoutSeconds":300,"serviceAccountEmail":null,"availableMemory":"1024Mi","minInstanceCount":null,"maxInstanceCount":null,"maxInstanceRequestConcurrency":80,"availableCpu":"1","vpcConnector":null,"vpcConnectorEgressSettings":null},"labels":{"deployment-tool":"cli-firebase","deployment-callable":"true","firebase-functions-hash":"61b22a204447c9c732a614aeb093c8381a110d07"}}
[debug] [2026-03-13T21:20:50.971Z] <<< [apiv2][status] PATCH https://cloudfunctions.googleapis.com/v2/projects/appacadabra-bee0f/locations/southamerica-east1/functions/uploadMedia 200
[debug] [2026-03-13T21:20:50.972Z] <<< [apiv2][body] PATCH https://cloudfunctions.googleapis.com/v2/projects/appacadabra-bee0f/locations/southamerica-east1/functions/uploadMedia {"name":"projects/appacadabra-bee0f/locations/southamerica-east1/operations/operation-1773436849978-64cee71797cbc-7102a3b4-2187735c","metadata":{"@type":"type.googleapis.com/google.cloud.functions.v2.OperationMetadata","createTime":"2026-03-13T21:20:51.202791708Z","target":"projects/appacadabra-bee0f/locations/southamerica-east1/functions/uploadMedia","verb":"update","cancelRequested":false,"apiVersion":"v2"},"done":false}
[debug] [2026-03-13T21:20:50.973Z] Checked if tokens are valid: true, expires at: 1773440411892
[debug] [2026-03-13T21:20:50.973Z] Checked if tokens are valid: true, expires at: 1773440411892
[debug] [2026-03-13T21:20:50.974Z] >>> [apiv2][query] GET https://cloudfunctions.googleapis.com/v2/projects/appacadabra-bee0f/locations/southamerica-east1/operations/operation-1773436849978-64cee71797cbc-7102a3b4-2187735c [none]
[debug] [2026-03-13T21:20:51.025Z] <<< [apiv2][status] PATCH https://cloudfunctions.googleapis.com/v2/projects/appacadabra-bee0f/locations/southamerica-east1/functions/addCredits 200
[debug] [2026-03-13T21:20:51.026Z] <<< [apiv2][body] PATCH https://cloudfunctions.googleapis.com/v2/projects/appacadabra-bee0f/locations/southamerica-east1/functions/addCredits {"name":"projects/appacadabra-bee0f/locations/southamerica-east1/operations/operation-1773436850117-64cee717b9c3d-7091657d-d20bb22a","metadata":{"@type":"type.googleapis.com/google.cloud.functions.v2.OperationMetadata","createTime":"2026-03-13T21:20:51.237277957Z","target":"projects/appacadabra-bee0f/locations/southamerica-east1/functions/addCredits","verb":"update","cancelRequested":false,"apiVersion":"v2"},"done":false}
[debug] [2026-03-13T21:20:51.027Z] Checked if tokens are valid: true, expires at: 1773440411892
[debug] [2026-03-13T21:20:51.028Z] Checked if tokens are valid: true, expires at: 1773440411892
[debug] [2026-03-13T21:20:51.028Z] >>> [apiv2][query] GET https://cloudfunctions.googleapis.com/v2/projects/appacadabra-bee0f/locations/southamerica-east1/operations/operation-1773436850117-64cee717b9c3d-7091657d-d20bb22a [none]
[debug] [2026-03-13T21:20:51.029Z] <<< [apiv2][status] PATCH https://cloudfunctions.googleapis.com/v2/projects/appacadabra-bee0f/locations/southamerica-east1/functions/generateSpell 200
[debug] [2026-03-13T21:20:51.029Z] <<< [apiv2][body] PATCH https://cloudfunctions.googleapis.com/v2/projects/appacadabra-bee0f/locations/southamerica-east1/functions/generateSpell {"name":"projects/appacadabra-bee0f/locations/southamerica-east1/operations/operation-1773436850115-64cee717b91c1-7e6a927a-282474f6","metadata":{"@type":"type.googleapis.com/google.cloud.functions.v2.OperationMetadata","createTime":"2026-03-13T21:20:51.210509536Z","target":"projects/appacadabra-bee0f/locations/southamerica-east1/functions/generateSpell","verb":"update","cancelRequested":false,"apiVersion":"v2"},"done":false}
[debug] [2026-03-13T21:20:51.030Z] Checked if tokens are valid: true, expires at: 1773440411892
[debug] [2026-03-13T21:20:51.030Z] Checked if tokens are valid: true, expires at: 1773440411892
[debug] [2026-03-13T21:20:51.030Z] >>> [apiv2][query] GET https://cloudfunctions.googleapis.com/v2/projects/appacadabra-bee0f/locations/southamerica-east1/operations/operation-1773436850115-64cee717b91c1-7e6a927a-282474f6 [none]
[debug] [2026-03-13T21:20:51.433Z] <<< [apiv2][status] GET https://cloudfunctions.googleapis.com/v2/projects/appacadabra-bee0f/locations/southamerica-east1/operations/operation-1773436849978-64cee71797cbc-7102a3b4-2187735c 200
[debug] [2026-03-13T21:20:51.433Z] <<< [apiv2][body] GET https://cloudfunctions.googleapis.com/v2/projects/appacadabra-bee0f/locations/southamerica-east1/operations/operation-1773436849978-64cee71797cbc-7102a3b4-2187735c {"name":"projects/appacadabra-bee0f/locations/southamerica-east1/operations/operation-1773436849978-64cee71797cbc-7102a3b4-2187735c","metadata":{"@type":"type.googleapis.com/google.cloud.functions.v2.OperationMetadata","createTime":"2026-03-13T21:20:51.202791708Z","target":"projects/appacadabra-bee0f/locations/southamerica-east1/functions/uploadMedia","verb":"update","cancelRequested":false,"apiVersion":"v2","requestResource":{"@type":"type.googleapis.com/google.cloud.functions.v2.Function","name":"projects/appacadabra-bee0f/locations/southamerica-east1/functions/uploadMedia","buildConfig":{"runtime":"nodejs22","entryPoint":"uploadMedia","source":{"storageSource":{"bucket":"gcf-v2-sources-901177243529-southamerica-east1","object":"uploadMedia/function-source.zip","generation":"1773436851155541"}},"environmentVariables":{"GOOGLE_NODE_RUN_SCRIPTS":""},"dockerRepository":"projects/appacadabra-bee0f/locations/southamerica-east1/repositories/gcf-artifacts","sourceProvenance":{"resolvedStorageSource":{"bucket":"gcf-v2-sources-901177243529-southamerica-east1","object":"uploadMedia/function-source.zip","generation":"1773357388947581"}},"dockerRegistry":"ARTIFACT_REGISTRY","serviceAccount":"projects/appacadabra-bee0f/serviceAccounts/901177243529-compute@developer.gserviceaccount.com","automaticUpdatePolicy":{}},"serviceConfig":{"service":"projects/appacadabra-bee0f/locations/southamerica-east1/services/uploadmedia","timeoutSeconds":300,"environmentVariables":{"FIREBASE_CONFIG":"{\"projectId\":\"appacadabra-bee0f\",\"storageBucket\":\"appacadabra-bee0f.firebasestorage.app\"}","GCLOUD_PROJECT":"appacadabra-bee0f","EVENTARC_CLOUD_EVENT_SOURCE":"projects/appacadabra-bee0f/locations/southamerica-east1/services/uploadMedia","FUNCTION_TARGET":"uploadMedia","LOG_EXECUTION_ID":"true"},"ingressSettings":"ALLOW_ALL","uri":"https://uploadmedia-vuv5axgmbq-rj.a.run.app","serviceAccountEmail":"901177243529-compute@developer.gserviceaccount.com","availableMemory":"1024Mi","allTrafficOnLatestRevision":true,"revision":"uploadmedia-00010-fey","maxInstanceRequestConcurrency":80,"availableCpu":"1"},"state":"ACTIVE","labels":{"deployment-tool":"cli-firebase","deployment-callable":"true","firebase-functions-hash":"61b22a204447c9c732a614aeb093c8381a110d07"},"environment":"GEN_2","url":"https://southamerica-east1-appacadabra-bee0f.cloudfunctions.net/uploadMedia","satisfiesPzs":true,"satisfiesPzi":true},"stages":[{"name":"BUILD","state":"NOT_STARTED"},{"name":"SERVICE","state":"NOT_STARTED"}],"operationType":"UPDATE_FUNCTION"},"done":false}
[debug] [2026-03-13T21:20:51.590Z] <<< [apiv2][status] GET https://cloudfunctions.googleapis.com/v2/projects/appacadabra-bee0f/locations/southamerica-east1/operations/operation-1773436850115-64cee717b91c1-7e6a927a-282474f6 200
[debug] [2026-03-13T21:20:51.590Z] <<< [apiv2][body] GET https://cloudfunctions.googleapis.com/v2/projects/appacadabra-bee0f/locations/southamerica-east1/operations/operation-1773436850115-64cee717b91c1-7e6a927a-282474f6 {"name":"projects/appacadabra-bee0f/locations/southamerica-east1/operations/operation-1773436850115-64cee717b91c1-7e6a927a-282474f6","metadata":{"@type":"type.googleapis.com/google.cloud.functions.v2.OperationMetadata","createTime":"2026-03-13T21:20:51.210509536Z","target":"projects/appacadabra-bee0f/locations/southamerica-east1/functions/generateSpell","verb":"update","cancelRequested":false,"apiVersion":"v2","requestResource":{"@type":"type.googleapis.com/google.cloud.functions.v2.Function","name":"projects/appacadabra-bee0f/locations/southamerica-east1/functions/generateSpell","buildConfig":{"runtime":"nodejs22","entryPoint":"generateSpell","source":{"storageSource":{"bucket":"gcf-v2-sources-901177243529-southamerica-east1","object":"generateSpell/function-source.zip","generation":"1773436851164542"}},"environmentVariables":{"GOOGLE_NODE_RUN_SCRIPTS":""},"dockerRepository":"projects/appacadabra-bee0f/locations/southamerica-east1/repositories/gcf-artifacts","sourceProvenance":{"resolvedStorageSource":{"bucket":"gcf-v2-sources-901177243529-southamerica-east1","object":"generateSpell/function-source.zip","generation":"1773357388897582"}},"dockerRegistry":"ARTIFACT_REGISTRY","serviceAccount":"projects/appacadabra-bee0f/serviceAccounts/901177243529-compute@developer.gserviceaccount.com","automaticUpdatePolicy":{}},"serviceConfig":{"service":"projects/appacadabra-bee0f/locations/southamerica-east1/services/generatespell","timeoutSeconds":300,"environmentVariables":{"FIREBASE_CONFIG":"{\"projectId\":\"appacadabra-bee0f\",\"storageBucket\":\"appacadabra-bee0f.firebasestorage.app\"}","GCLOUD_PROJECT":"appacadabra-bee0f","EVENTARC_CLOUD_EVENT_SOURCE":"projects/appacadabra-bee0f/locations/southamerica-east1/services/generateSpell","FUNCTION_TARGET":"generateSpell","LOG_EXECUTION_ID":"true"},"ingressSettings":"ALLOW_ALL","uri":"https://generatespell-vuv5axgmbq-rj.a.run.app","serviceAccountEmail":"901177243529-compute@developer.gserviceaccount.com","availableMemory":"512Mi","allTrafficOnLatestRevision":true,"secretEnvironmentVariables":[{"key":"GEMINI_API_KEY","projectId":"appacadabra-bee0f","secret":"GEMINI_API_KEY","version":"2"}],"revision":"generatespell-00072-pul","maxInstanceRequestConcurrency":80,"availableCpu":"1"},"state":"ACTIVE","labels":{"deployment-tool":"cli-firebase","deployment-callable":"true","firebase-functions-hash":"1232314584414664f366e06b24d36300fc9f3097"},"environment":"GEN_2","url":"https://southamerica-east1-appacadabra-bee0f.cloudfunctions.net/generateSpell","satisfiesPzs":true,"satisfiesPzi":true},"stages":[{"name":"BUILD","state":"NOT_STARTED"},{"name":"SERVICE","state":"NOT_STARTED"}],"operationType":"UPDATE_FUNCTION"},"done":false}
[debug] [2026-03-13T21:20:51.601Z] <<< [apiv2][status] GET https://cloudfunctions.googleapis.com/v2/projects/appacadabra-bee0f/locations/southamerica-east1/operations/operation-1773436850117-64cee717b9c3d-7091657d-d20bb22a 200
[debug] [2026-03-13T21:20:51.601Z] <<< [apiv2][body] GET https://cloudfunctions.googleapis.com/v2/projects/appacadabra-bee0f/locations/southamerica-east1/operations/operation-1773436850117-64cee717b9c3d-7091657d-d20bb22a {"name":"projects/appacadabra-bee0f/locations/southamerica-east1/operations/operation-1773436850117-64cee717b9c3d-7091657d-d20bb22a","metadata":{"@type":"type.googleapis.com/google.cloud.functions.v2.OperationMetadata","createTime":"2026-03-13T21:20:51.237277957Z","target":"projects/appacadabra-bee0f/locations/southamerica-east1/functions/addCredits","verb":"update","cancelRequested":false,"apiVersion":"v2","requestResource":{"@type":"type.googleapis.com/google.cloud.functions.v2.Function","name":"projects/appacadabra-bee0f/locations/southamerica-east1/functions/addCredits","buildConfig":{"runtime":"nodejs22","entryPoint":"addCredits","source":{"storageSource":{"bucket":"gcf-v2-sources-901177243529-southamerica-east1","object":"addCredits/function-source.zip","generation":"1773436851188028"}},"environmentVariables":{"GOOGLE_NODE_RUN_SCRIPTS":""},"dockerRepository":"projects/appacadabra-bee0f/locations/southamerica-east1/repositories/gcf-artifacts","sourceProvenance":{"resolvedStorageSource":{"bucket":"gcf-v2-sources-901177243529-southamerica-east1","object":"addCredits/function-source.zip","generation":"1773357481788441"}},"dockerRegistry":"ARTIFACT_REGISTRY","serviceAccount":"projects/appacadabra-bee0f/serviceAccounts/901177243529-compute@developer.gserviceaccount.com","automaticUpdatePolicy":{}},"serviceConfig":{"service":"projects/appacadabra-bee0f/locations/southamerica-east1/services/addcredits","timeoutSeconds":60,"environmentVariables":{"FIREBASE_CONFIG":"{\"projectId\":\"appacadabra-bee0f\",\"storageBucket\":\"appacadabra-bee0f.firebasestorage.app\"}","GCLOUD_PROJECT":"appacadabra-bee0f","EVENTARC_CLOUD_EVENT_SOURCE":"projects/appacadabra-bee0f/locations/southamerica-east1/services/addCredits","FUNCTION_TARGET":"addCredits","LOG_EXECUTION_ID":"true","FUNCTION_SIGNATURE_TYPE":"http"},"ingressSettings":"ALLOW_ALL","uri":"https://addcredits-vuv5axgmbq-rj.a.run.app","serviceAccountEmail":"901177243529-compute@developer.gserviceaccount.com","availableMemory":"256Mi","allTrafficOnLatestRevision":true,"revision":"addcredits-00072-sog","maxInstanceRequestConcurrency":80,"availableCpu":"1"},"state":"ACTIVE","labels":{"deployment-tool":"cli-firebase","deployment-callable":"true","firebase-functions-hash":"61b22a204447c9c732a614aeb093c8381a110d07"},"environment":"GEN_2","url":"https://southamerica-east1-appacadabra-bee0f.cloudfunctions.net/addCredits","satisfiesPzs":true,"satisfiesPzi":true},"stages":[{"name":"BUILD","state":"NOT_STARTED"},{"name":"SERVICE","state":"NOT_STARTED"}],"operationType":"UPDATE_FUNCTION"},"done":false}
[debug] [2026-03-13T21:20:51.935Z] [update-default-southamerica-east1-uploadMedia] Retrying task index 0
[debug] [2026-03-13T21:20:51.936Z] Checked if tokens are valid: true, expires at: 1773440411892
[debug] [2026-03-13T21:20:51.936Z] Checked if tokens are valid: true, expires at: 1773440411892
[debug] [2026-03-13T21:20:51.936Z] >>> [apiv2][query] GET https://cloudfunctions.googleapis.com/v2/projects/appacadabra-bee0f/locations/southamerica-east1/operations/operation-1773436849978-64cee71797cbc-7102a3b4-2187735c [none]
[debug] [2026-03-13T21:20:52.096Z] [update-default-southamerica-east1-generateSpell] Retrying task index 0
[debug] [2026-03-13T21:20:52.096Z] Checked if tokens are valid: true, expires at: 1773440411892
[debug] [2026-03-13T21:20:52.096Z] Checked if tokens are valid: true, expires at: 1773440411892
[debug] [2026-03-13T21:20:52.096Z] >>> [apiv2][query] GET https://cloudfunctions.googleapis.com/v2/projects/appacadabra-bee0f/locations/southamerica-east1/operations/operation-1773436850115-64cee717b91c1-7e6a927a-282474f6 [none]
[debug] [2026-03-13T21:20:52.110Z] [update-default-southamerica-east1-addCredits] Retrying task index 0
[debug] [2026-03-13T21:20:52.111Z] Checked if tokens are valid: true, expires at: 1773440411892
[debug] [2026-03-13T21:20:52.112Z] Checked if tokens are valid: true, expires at: 1773440411892
[debug] [2026-03-13T21:20:52.112Z] >>> [apiv2][query] GET https://cloudfunctions.googleapis.com/v2/projects/appacadabra-bee0f/locations/southamerica-east1/operations/operation-1773436850117-64cee717b9c3d-7091657d-d20bb22a [none]
[debug] [2026-03-13T21:20:52.151Z] <<< [apiv2][status] GET https://cloudfunctions.googleapis.com/v2/projects/appacadabra-bee0f/locations/southamerica-east1/operations/operation-1773436849978-64cee71797cbc-7102a3b4-2187735c 200
[debug] [2026-03-13T21:20:52.152Z] <<< [apiv2][body] GET https://cloudfunctions.googleapis.com/v2/projects/appacadabra-bee0f/locations/southamerica-east1/operations/operation-1773436849978-64cee71797cbc-7102a3b4-2187735c {"name":"projects/appacadabra-bee0f/locations/southamerica-east1/operations/operation-1773436849978-64cee71797cbc-7102a3b4-2187735c","metadata":{"@type":"type.googleapis.com/google.cloud.functions.v2.OperationMetadata","createTime":"2026-03-13T21:20:51.202791708Z","target":"projects/appacadabra-bee0f/locations/southamerica-east1/functions/uploadMedia","verb":"update","cancelRequested":false,"apiVersion":"v2","requestResource":{"@type":"type.googleapis.com/google.cloud.functions.v2.Function","name":"projects/appacadabra-bee0f/locations/southamerica-east1/functions/uploadMedia","buildConfig":{"runtime":"nodejs22","entryPoint":"uploadMedia","source":{"storageSource":{"bucket":"gcf-v2-sources-901177243529-southamerica-east1","object":"uploadMedia/function-source.zip","generation":"1773436851155541"}},"environmentVariables":{"GOOGLE_NODE_RUN_SCRIPTS":""},"dockerRepository":"projects/appacadabra-bee0f/locations/southamerica-east1/repositories/gcf-artifacts","sourceProvenance":{"resolvedStorageSource":{"bucket":"gcf-v2-sources-901177243529-southamerica-east1","object":"uploadMedia/function-source.zip","generation":"1773357388947581"}},"dockerRegistry":"ARTIFACT_REGISTRY","serviceAccount":"projects/appacadabra-bee0f/serviceAccounts/901177243529-compute@developer.gserviceaccount.com","automaticUpdatePolicy":{}},"serviceConfig":{"service":"projects/appacadabra-bee0f/locations/southamerica-east1/services/uploadmedia","timeoutSeconds":300,"environmentVariables":{"FIREBASE_CONFIG":"{\"projectId\":\"appacadabra-bee0f\",\"storageBucket\":\"appacadabra-bee0f.firebasestorage.app\"}","GCLOUD_PROJECT":"appacadabra-bee0f","EVENTARC_CLOUD_EVENT_SOURCE":"projects/appacadabra-bee0f/locations/southamerica-east1/services/uploadMedia","FUNCTION_TARGET":"uploadMedia","LOG_EXECUTION_ID":"true"},"ingressSettings":"ALLOW_ALL","uri":"https://uploadmedia-vuv5axgmbq-rj.a.run.app","serviceAccountEmail":"901177243529-compute@developer.gserviceaccount.com","availableMemory":"1024Mi","allTrafficOnLatestRevision":true,"revision":"uploadmedia-00010-fey","maxInstanceRequestConcurrency":80,"availableCpu":"1"},"state":"ACTIVE","labels":{"deployment-tool":"cli-firebase","deployment-callable":"true","firebase-functions-hash":"61b22a204447c9c732a614aeb093c8381a110d07"},"environment":"GEN_2","url":"https://southamerica-east1-appacadabra-bee0f.cloudfunctions.net/uploadMedia","satisfiesPzs":true,"satisfiesPzi":true},"stages":[{"name":"BUILD","state":"NOT_STARTED"},{"name":"SERVICE","state":"NOT_STARTED"}],"operationType":"UPDATE_FUNCTION"},"done":false}
[debug] [2026-03-13T21:20:52.367Z] <<< [apiv2][status] GET https://cloudfunctions.googleapis.com/v2/projects/appacadabra-bee0f/locations/southamerica-east1/operations/operation-1773436850117-64cee717b9c3d-7091657d-d20bb22a 200
[debug] [2026-03-13T21:20:52.368Z] <<< [apiv2][body] GET https://cloudfunctions.googleapis.com/v2/projects/appacadabra-bee0f/locations/southamerica-east1/operations/operation-1773436850117-64cee717b9c3d-7091657d-d20bb22a {"name":"projects/appacadabra-bee0f/locations/southamerica-east1/operations/operation-1773436850117-64cee717b9c3d-7091657d-d20bb22a","metadata":{"@type":"type.googleapis.com/google.cloud.functions.v2.OperationMetadata","createTime":"2026-03-13T21:20:51.237277957Z","target":"projects/appacadabra-bee0f/locations/southamerica-east1/functions/addCredits","verb":"update","cancelRequested":false,"apiVersion":"v2","requestResource":{"@type":"type.googleapis.com/google.cloud.functions.v2.Function","name":"projects/appacadabra-bee0f/locations/southamerica-east1/functions/addCredits","buildConfig":{"runtime":"nodejs22","entryPoint":"addCredits","source":{"storageSource":{"bucket":"gcf-v2-sources-901177243529-southamerica-east1","object":"addCredits/function-source.zip","generation":"1773436851188028"}},"environmentVariables":{"GOOGLE_NODE_RUN_SCRIPTS":""},"dockerRepository":"projects/appacadabra-bee0f/locations/southamerica-east1/repositories/gcf-artifacts","sourceProvenance":{"resolvedStorageSource":{"bucket":"gcf-v2-sources-901177243529-southamerica-east1","object":"addCredits/function-source.zip","generation":"1773357481788441"}},"dockerRegistry":"ARTIFACT_REGISTRY","serviceAccount":"projects/appacadabra-bee0f/serviceAccounts/901177243529-compute@developer.gserviceaccount.com","automaticUpdatePolicy":{}},"serviceConfig":{"service":"projects/appacadabra-bee0f/locations/southamerica-east1/services/addcredits","timeoutSeconds":60,"environmentVariables":{"FIREBASE_CONFIG":"{\"projectId\":\"appacadabra-bee0f\",\"storageBucket\":\"appacadabra-bee0f.firebasestorage.app\"}","GCLOUD_PROJECT":"appacadabra-bee0f","EVENTARC_CLOUD_EVENT_SOURCE":"projects/appacadabra-bee0f/locations/southamerica-east1/services/addCredits","FUNCTION_TARGET":"addCredits","LOG_EXECUTION_ID":"true","FUNCTION_SIGNATURE_TYPE":"http"},"ingressSettings":"ALLOW_ALL","uri":"https://addcredits-vuv5axgmbq-rj.a.run.app","serviceAccountEmail":"901177243529-compute@developer.gserviceaccount.com","availableMemory":"256Mi","allTrafficOnLatestRevision":true,"revision":"addcredits-00072-sog","maxInstanceRequestConcurrency":80,"availableCpu":"1"},"state":"ACTIVE","labels":{"deployment-tool":"cli-firebase","deployment-callable":"true","firebase-functions-hash":"61b22a204447c9c732a614aeb093c8381a110d07"},"environment":"GEN_2","url":"https://southamerica-east1-appacadabra-bee0f.cloudfunctions.net/addCredits","satisfiesPzs":true,"satisfiesPzi":true},"stages":[{"name":"BUILD","state":"NOT_STARTED"},{"name":"SERVICE","state":"NOT_STARTED"}],"operationType":"UPDATE_FUNCTION"},"done":false}
[debug] [2026-03-13T21:20:52.578Z] <<< [apiv2][status] GET https://cloudfunctions.googleapis.com/v2/projects/appacadabra-bee0f/locations/southamerica-east1/operations/operation-1773436850115-64cee717b91c1-7e6a927a-282474f6 200
[debug] [2026-03-13T21:20:52.578Z] <<< [apiv2][body] GET https://cloudfunctions.googleapis.com/v2/projects/appacadabra-bee0f/locations/southamerica-east1/operations/operation-1773436850115-64cee717b91c1-7e6a927a-282474f6 {"name":"projects/appacadabra-bee0f/locations/southamerica-east1/operations/operation-1773436850115-64cee717b91c1-7e6a927a-282474f6","metadata":{"@type":"type.googleapis.com/google.cloud.functions.v2.OperationMetadata","createTime":"2026-03-13T21:20:51.210509536Z","target":"projects/appacadabra-bee0f/locations/southamerica-east1/functions/generateSpell","verb":"update","cancelRequested":false,"apiVersion":"v2","requestResource":{"@type":"type.googleapis.com/google.cloud.functions.v2.Function","name":"projects/appacadabra-bee0f/locations/southamerica-east1/functions/generateSpell","buildConfig":{"runtime":"nodejs22","entryPoint":"generateSpell","source":{"storageSource":{"bucket":"gcf-v2-sources-901177243529-southamerica-east1","object":"generateSpell/function-source.zip","generation":"1773436851164542"}},"environmentVariables":{"GOOGLE_NODE_RUN_SCRIPTS":""},"dockerRepository":"projects/appacadabra-bee0f/locations/southamerica-east1/repositories/gcf-artifacts","sourceProvenance":{"resolvedStorageSource":{"bucket":"gcf-v2-sources-901177243529-southamerica-east1","object":"generateSpell/function-source.zip","generation":"1773357388897582"}},"dockerRegistry":"ARTIFACT_REGISTRY","serviceAccount":"projects/appacadabra-bee0f/serviceAccounts/901177243529-compute@developer.gserviceaccount.com","automaticUpdatePolicy":{}},"serviceConfig":{"service":"projects/appacadabra-bee0f/locations/southamerica-east1/services/generatespell","timeoutSeconds":300,"environmentVariables":{"FIREBASE_CONFIG":"{\"projectId\":\"appacadabra-bee0f\",\"storageBucket\":\"appacadabra-bee0f.firebasestorage.app\"}","GCLOUD_PROJECT":"appacadabra-bee0f","EVENTARC_CLOUD_EVENT_SOURCE":"projects/appacadabra-bee0f/locations/southamerica-east1/services/generateSpell","FUNCTION_TARGET":"generateSpell","LOG_EXECUTION_ID":"true"},"ingressSettings":"ALLOW_ALL","uri":"https://generatespell-vuv5axgmbq-rj.a.run.app","serviceAccountEmail":"901177243529-compute@developer.gserviceaccount.com","availableMemory":"512Mi","allTrafficOnLatestRevision":true,"secretEnvironmentVariables":[{"key":"GEMINI_API_KEY","projectId":"appacadabra-bee0f","secret":"GEMINI_API_KEY","version":"2"}],"revision":"generatespell-00072-pul","maxInstanceRequestConcurrency":80,"availableCpu":"1"},"state":"ACTIVE","labels":{"deployment-tool":"cli-firebase","deployment-callable":"true","firebase-functions-hash":"1232314584414664f366e06b24d36300fc9f3097"},"environment":"GEN_2","url":"https://southamerica-east1-appacadabra-bee0f.cloudfunctions.net/generateSpell","satisfiesPzs":true,"satisfiesPzi":true},"stages":[{"name":"BUILD","message":"Build in progress","state":"IN_PROGRESS","resource":"projects/901177243529/locations/southamerica-east1/builds/bfe1703b-ab78-44b4-82f8-339f2e865d5f","resourceUri":"https://console.cloud.google.com/cloud-build/builds;region=southamerica-east1/bfe1703b-ab78-44b4-82f8-339f2e865d5f?project=901177243529"},{"name":"SERVICE","state":"NOT_STARTED"}],"operationType":"UPDATE_FUNCTION","buildName":"projects/901177243529/locations/southamerica-east1/builds/bfe1703b-ab78-44b4-82f8-339f2e865d5f"},"done":false}
[debug] [2026-03-13T21:20:53.166Z] [update-default-southamerica-east1-uploadMedia] Retrying task index 0
[debug] [2026-03-13T21:20:53.166Z] Checked if tokens are valid: true, expires at: 1773440411892
[debug] [2026-03-13T21:20:53.166Z] Checked if tokens are valid: true, expires at: 1773440411892
[debug] [2026-03-13T21:20:53.166Z] >>> [apiv2][query] GET https://cloudfunctions.googleapis.com/v2/projects/appacadabra-bee0f/locations/southamerica-east1/operations/operation-1773436849978-64cee71797cbc-7102a3b4-2187735c [none]
[debug] [2026-03-13T21:20:53.348Z] <<< [apiv2][status] GET https://cloudfunctions.googleapis.com/v2/projects/appacadabra-bee0f/locations/southamerica-east1/operations/operation-1773436849978-64cee71797cbc-7102a3b4-2187735c 200
[debug] [2026-03-13T21:20:53.348Z] <<< [apiv2][body] GET https://cloudfunctions.googleapis.com/v2/projects/appacadabra-bee0f/locations/southamerica-east1/operations/operation-1773436849978-64cee71797cbc-7102a3b4-2187735c {"name":"projects/appacadabra-bee0f/locations/southamerica-east1/operations/operation-1773436849978-64cee71797cbc-7102a3b4-2187735c","metadata":{"@type":"type.googleapis.com/google.cloud.functions.v2.OperationMetadata","createTime":"2026-03-13T21:20:51.202791708Z","target":"projects/appacadabra-bee0f/locations/southamerica-east1/functions/uploadMedia","verb":"update","cancelRequested":false,"apiVersion":"v2","requestResource":{"@type":"type.googleapis.com/google.cloud.functions.v2.Function","name":"projects/appacadabra-bee0f/locations/southamerica-east1/functions/uploadMedia","buildConfig":{"runtime":"nodejs22","entryPoint":"uploadMedia","source":{"storageSource":{"bucket":"gcf-v2-sources-901177243529-southamerica-east1","object":"uploadMedia/function-source.zip","generation":"1773436851155541"}},"environmentVariables":{"GOOGLE_NODE_RUN_SCRIPTS":""},"dockerRepository":"projects/appacadabra-bee0f/locations/southamerica-east1/repositories/gcf-artifacts","sourceProvenance":{"resolvedStorageSource":{"bucket":"gcf-v2-sources-901177243529-southamerica-east1","object":"uploadMedia/function-source.zip","generation":"1773357388947581"}},"dockerRegistry":"ARTIFACT_REGISTRY","serviceAccount":"projects/appacadabra-bee0f/serviceAccounts/901177243529-compute@developer.gserviceaccount.com","automaticUpdatePolicy":{}},"serviceConfig":{"service":"projects/appacadabra-bee0f/locations/southamerica-east1/services/uploadmedia","timeoutSeconds":300,"environmentVariables":{"FIREBASE_CONFIG":"{\"projectId\":\"appacadabra-bee0f\",\"storageBucket\":\"appacadabra-bee0f.firebasestorage.app\"}","GCLOUD_PROJECT":"appacadabra-bee0f","EVENTARC_CLOUD_EVENT_SOURCE":"projects/appacadabra-bee0f/locations/southamerica-east1/services/uploadMedia","FUNCTION_TARGET":"uploadMedia","LOG_EXECUTION_ID":"true"},"ingressSettings":"ALLOW_ALL","uri":"https://uploadmedia-vuv5axgmbq-rj.a.run.app","serviceAccountEmail":"901177243529-compute@developer.gserviceaccount.com","availableMemory":"1024Mi","allTrafficOnLatestRevision":true,"revision":"uploadmedia-00010-fey","maxInstanceRequestConcurrency":80,"availableCpu":"1"},"state":"ACTIVE","labels":{"deployment-tool":"cli-firebase","deployment-callable":"true","firebase-functions-hash":"61b22a204447c9c732a614aeb093c8381a110d07"},"environment":"GEN_2","url":"https://southamerica-east1-appacadabra-bee0f.cloudfunctions.net/uploadMedia","satisfiesPzs":true,"satisfiesPzi":true},"stages":[{"name":"BUILD","message":"Build in progress","state":"IN_PROGRESS","resource":"projects/901177243529/locations/southamerica-east1/builds/85d13dec-eeb7-46a3-a941-3a30b4b77ead","resourceUri":"https://console.cloud.google.com/cloud-build/builds;region=southamerica-east1/85d13dec-eeb7-46a3-a941-3a30b4b77ead?project=901177243529"},{"name":"SERVICE","state":"NOT_STARTED"}],"operationType":"UPDATE_FUNCTION","buildName":"projects/901177243529/locations/southamerica-east1/builds/85d13dec-eeb7-46a3-a941-3a30b4b77ead"},"done":false}
[debug] [2026-03-13T21:20:53.383Z] [update-default-southamerica-east1-addCredits] Retrying task index 0
[debug] [2026-03-13T21:20:53.384Z] Checked if tokens are valid: true, expires at: 1773440411892
[debug] [2026-03-13T21:20:53.384Z] Checked if tokens are valid: true, expires at: 1773440411892
[debug] [2026-03-13T21:20:53.384Z] >>> [apiv2][query] GET https://cloudfunctions.googleapis.com/v2/projects/appacadabra-bee0f/locations/southamerica-east1/operations/operation-1773436850117-64cee717b9c3d-7091657d-d20bb22a [none]
[debug] [2026-03-13T21:20:53.585Z] [update-default-southamerica-east1-generateSpell] Retrying task index 0
[debug] [2026-03-13T21:20:53.586Z] Checked if tokens are valid: true, expires at: 1773440411892
[debug] [2026-03-13T21:20:53.586Z] Checked if tokens are valid: true, expires at: 1773440411892
[debug] [2026-03-13T21:20:53.586Z] >>> [apiv2][query] GET https://cloudfunctions.googleapis.com/v2/projects/appacadabra-bee0f/locations/southamerica-east1/operations/operation-1773436850115-64cee717b91c1-7e6a927a-282474f6 [none]
[debug] [2026-03-13T21:20:53.773Z] <<< [apiv2][status] GET https://cloudfunctions.googleapis.com/v2/projects/appacadabra-bee0f/locations/southamerica-east1/operations/operation-1773436850117-64cee717b9c3d-7091657d-d20bb22a 200
[debug] [2026-03-13T21:20:53.773Z] <<< [apiv2][body] GET https://cloudfunctions.googleapis.com/v2/projects/appacadabra-bee0f/locations/southamerica-east1/operations/operation-1773436850117-64cee717b9c3d-7091657d-d20bb22a {"name":"projects/appacadabra-bee0f/locations/southamerica-east1/operations/operation-1773436850117-64cee717b9c3d-7091657d-d20bb22a","metadata":{"@type":"type.googleapis.com/google.cloud.functions.v2.OperationMetadata","createTime":"2026-03-13T21:20:51.237277957Z","target":"projects/appacadabra-bee0f/locations/southamerica-east1/functions/addCredits","verb":"update","cancelRequested":false,"apiVersion":"v2","requestResource":{"@type":"type.googleapis.com/google.cloud.functions.v2.Function","name":"projects/appacadabra-bee0f/locations/southamerica-east1/functions/addCredits","buildConfig":{"runtime":"nodejs22","entryPoint":"addCredits","source":{"storageSource":{"bucket":"gcf-v2-sources-901177243529-southamerica-east1","object":"addCredits/function-source.zip","generation":"1773436851188028"}},"environmentVariables":{"GOOGLE_NODE_RUN_SCRIPTS":""},"dockerRepository":"projects/appacadabra-bee0f/locations/southamerica-east1/repositories/gcf-artifacts","sourceProvenance":{"resolvedStorageSource":{"bucket":"gcf-v2-sources-901177243529-southamerica-east1","object":"addCredits/function-source.zip","generation":"1773357481788441"}},"dockerRegistry":"ARTIFACT_REGISTRY","serviceAccount":"projects/appacadabra-bee0f/serviceAccounts/901177243529-compute@developer.gserviceaccount.com","automaticUpdatePolicy":{}},"serviceConfig":{"service":"projects/appacadabra-bee0f/locations/southamerica-east1/services/addcredits","timeoutSeconds":60,"environmentVariables":{"FIREBASE_CONFIG":"{\"projectId\":\"appacadabra-bee0f\",\"storageBucket\":\"appacadabra-bee0f.firebasestorage.app\"}","GCLOUD_PROJECT":"appacadabra-bee0f","EVENTARC_CLOUD_EVENT_SOURCE":"projects/appacadabra-bee0f/locations/southamerica-east1/services/addCredits","FUNCTION_TARGET":"addCredits","LOG_EXECUTION_ID":"true","FUNCTION_SIGNATURE_TYPE":"http"},"ingressSettings":"ALLOW_ALL","uri":"https://addcredits-vuv5axgmbq-rj.a.run.app","serviceAccountEmail":"901177243529-compute@developer.gserviceaccount.com","availableMemory":"256Mi","allTrafficOnLatestRevision":true,"revision":"addcredits-00072-sog","maxInstanceRequestConcurrency":80,"availableCpu":"1"},"state":"ACTIVE","labels":{"deployment-tool":"cli-firebase","deployment-callable":"true","firebase-functions-hash":"61b22a204447c9c732a614aeb093c8381a110d07"},"environment":"GEN_2","url":"https://southamerica-east1-appacadabra-bee0f.cloudfunctions.net/addCredits","satisfiesPzs":true,"satisfiesPzi":true},"stages":[{"name":"BUILD","message":"Build in progress","state":"IN_PROGRESS","resource":"projects/901177243529/locations/southamerica-east1/builds/0eae158a-d55a-4adb-9a17-2917113fe0f5","resourceUri":"https://console.cloud.google.com/cloud-build/builds;region=southamerica-east1/0eae158a-d55a-4adb-9a17-2917113fe0f5?project=901177243529"},{"name":"SERVICE","state":"NOT_STARTED"}],"operationType":"UPDATE_FUNCTION","buildName":"projects/901177243529/locations/southamerica-east1/builds/0eae158a-d55a-4adb-9a17-2917113fe0f5"},"done":false}
[debug] [2026-03-13T21:20:53.883Z] <<< [apiv2][status] GET https://cloudfunctions.googleapis.com/v2/projects/appacadabra-bee0f/locations/southamerica-east1/operations/operation-1773436850115-64cee717b91c1-7e6a927a-282474f6 200
[debug] [2026-03-13T21:20:53.884Z] <<< [apiv2][body] GET https://cloudfunctions.googleapis.com/v2/projects/appacadabra-bee0f/locations/southamerica-east1/operations/operation-1773436850115-64cee717b91c1-7e6a927a-282474f6 {"name":"projects/appacadabra-bee0f/locations/southamerica-east1/operations/operation-1773436850115-64cee717b91c1-7e6a927a-282474f6","metadata":{"@type":"type.googleapis.com/google.cloud.functions.v2.OperationMetadata","createTime":"2026-03-13T21:20:51.210509536Z","target":"projects/appacadabra-bee0f/locations/southamerica-east1/functions/generateSpell","verb":"update","cancelRequested":false,"apiVersion":"v2","requestResource":{"@type":"type.googleapis.com/google.cloud.functions.v2.Function","name":"projects/appacadabra-bee0f/locations/southamerica-east1/functions/generateSpell","buildConfig":{"runtime":"nodejs22","entryPoint":"generateSpell","source":{"storageSource":{"bucket":"gcf-v2-sources-901177243529-southamerica-east1","object":"generateSpell/function-source.zip","generation":"1773436851164542"}},"environmentVariables":{"GOOGLE_NODE_RUN_SCRIPTS":""},"dockerRepository":"projects/appacadabra-bee0f/locations/southamerica-east1/repositories/gcf-artifacts","sourceProvenance":{"resolvedStorageSource":{"bucket":"gcf-v2-sources-901177243529-southamerica-east1","object":"generateSpell/function-source.zip","generation":"1773357388897582"}},"dockerRegistry":"ARTIFACT_REGISTRY","serviceAccount":"projects/appacadabra-bee0f/serviceAccounts/901177243529-compute@developer.gserviceaccount.com","automaticUpdatePolicy":{}},"serviceConfig":{"service":"projects/appacadabra-bee0f/locations/southamerica-east1/services/generatespell","timeoutSeconds":300,"environmentVariables":{"FIREBASE_CONFIG":"{\"projectId\":\"appacadabra-bee0f\",\"storageBucket\":\"appacadabra-bee0f.firebasestorage.app\"}","GCLOUD_PROJECT":"appacadabra-bee0f","EVENTARC_CLOUD_EVENT_SOURCE":"projects/appacadabra-bee0f/locations/southamerica-east1/services/generateSpell","FUNCTION_TARGET":"generateSpell","LOG_EXECUTION_ID":"true"},"ingressSettings":"ALLOW_ALL","uri":"https://generatespell-vuv5axgmbq-rj.a.run.app","serviceAccountEmail":"901177243529-compute@developer.gserviceaccount.com","availableMemory":"512Mi","allTrafficOnLatestRevision":true,"secretEnvironmentVariables":[{"key":"GEMINI_API_KEY","projectId":"appacadabra-bee0f","secret":"GEMINI_API_KEY","version":"2"}],"revision":"generatespell-00072-pul","maxInstanceRequestConcurrency":80,"availableCpu":"1"},"state":"ACTIVE","labels":{"deployment-tool":"cli-firebase","deployment-callable":"true","firebase-functions-hash":"1232314584414664f366e06b24d36300fc9f3097"},"environment":"GEN_2","url":"https://southamerica-east1-appacadabra-bee0f.cloudfunctions.net/generateSpell","satisfiesPzs":true,"satisfiesPzi":true},"stages":[{"name":"BUILD","message":"Build in progress","state":"IN_PROGRESS","resource":"projects/901177243529/locations/southamerica-east1/builds/bfe1703b-ab78-44b4-82f8-339f2e865d5f","resourceUri":"https://console.cloud.google.com/cloud-build/builds;region=southamerica-east1/bfe1703b-ab78-44b4-82f8-339f2e865d5f?project=901177243529"},{"name":"SERVICE","state":"NOT_STARTED"}],"operationType":"UPDATE_FUNCTION","buildName":"projects/901177243529/locations/southamerica-east1/builds/bfe1703b-ab78-44b4-82f8-339f2e865d5f"},"done":false}
[debug] [2026-03-13T21:20:55.351Z] [update-default-southamerica-east1-uploadMedia] Retrying task index 0
[debug] [2026-03-13T21:20:55.352Z] Checked if tokens are valid: true, expires at: 1773440411892
[debug] [2026-03-13T21:20:55.352Z] Checked if tokens are valid: true, expires at: 1773440411892
[debug] [2026-03-13T21:20:55.352Z] >>> [apiv2][query] GET https://cloudfunctions.googleapis.com/v2/projects/appacadabra-bee0f/locations/southamerica-east1/operations/operation-1773436849978-64cee71797cbc-7102a3b4-2187735c [none]
[debug] [2026-03-13T21:20:55.784Z] [update-default-southamerica-east1-addCredits] Retrying task index 0
[debug] [2026-03-13T21:20:55.784Z] Checked if tokens are valid: true, expires at: 1773440411892
[debug] [2026-03-13T21:20:55.785Z] Checked if tokens are valid: true, expires at: 1773440411892
[debug] [2026-03-13T21:20:55.785Z] >>> [apiv2][query] GET https://cloudfunctions.googleapis.com/v2/projects/appacadabra-bee0f/locations/southamerica-east1/operations/operation-1773436850117-64cee717b9c3d-7091657d-d20bb22a [none]
[debug] [2026-03-13T21:20:55.791Z] <<< [apiv2][status] GET https://cloudfunctions.googleapis.com/v2/projects/appacadabra-bee0f/locations/southamerica-east1/operations/operation-1773436849978-64cee71797cbc-7102a3b4-2187735c 200
[debug] [2026-03-13T21:20:55.792Z] <<< [apiv2][body] GET https://cloudfunctions.googleapis.com/v2/projects/appacadabra-bee0f/locations/southamerica-east1/operations/operation-1773436849978-64cee71797cbc-7102a3b4-2187735c {"name":"projects/appacadabra-bee0f/locations/southamerica-east1/operations/operation-1773436849978-64cee71797cbc-7102a3b4-2187735c","metadata":{"@type":"type.googleapis.com/google.cloud.functions.v2.OperationMetadata","createTime":"2026-03-13T21:20:51.202791708Z","target":"projects/appacadabra-bee0f/locations/southamerica-east1/functions/uploadMedia","verb":"update","cancelRequested":false,"apiVersion":"v2","requestResource":{"@type":"type.googleapis.com/google.cloud.functions.v2.Function","name":"projects/appacadabra-bee0f/locations/southamerica-east1/functions/uploadMedia","buildConfig":{"runtime":"nodejs22","entryPoint":"uploadMedia","source":{"storageSource":{"bucket":"gcf-v2-sources-901177243529-southamerica-east1","object":"uploadMedia/function-source.zip","generation":"1773436851155541"}},"environmentVariables":{"GOOGLE_NODE_RUN_SCRIPTS":""},"dockerRepository":"projects/appacadabra-bee0f/locations/southamerica-east1/repositories/gcf-artifacts","sourceProvenance":{"resolvedStorageSource":{"bucket":"gcf-v2-sources-901177243529-southamerica-east1","object":"uploadMedia/function-source.zip","generation":"1773357388947581"}},"dockerRegistry":"ARTIFACT_REGISTRY","serviceAccount":"projects/appacadabra-bee0f/serviceAccounts/901177243529-compute@developer.gserviceaccount.com","automaticUpdatePolicy":{}},"serviceConfig":{"service":"projects/appacadabra-bee0f/locations/southamerica-east1/services/uploadmedia","timeoutSeconds":300,"environmentVariables":{"FIREBASE_CONFIG":"{\"projectId\":\"appacadabra-bee0f\",\"storageBucket\":\"appacadabra-bee0f.firebasestorage.app\"}","GCLOUD_PROJECT":"appacadabra-bee0f","EVENTARC_CLOUD_EVENT_SOURCE":"projects/appacadabra-bee0f/locations/southamerica-east1/services/uploadMedia","FUNCTION_TARGET":"uploadMedia","LOG_EXECUTION_ID":"true"},"ingressSettings":"ALLOW_ALL","uri":"https://uploadmedia-vuv5axgmbq-rj.a.run.app","serviceAccountEmail":"901177243529-compute@developer.gserviceaccount.com","availableMemory":"1024Mi","allTrafficOnLatestRevision":true,"revision":"uploadmedia-00010-fey","maxInstanceRequestConcurrency":80,"availableCpu":"1"},"state":"ACTIVE","labels":{"deployment-tool":"cli-firebase","deployment-callable":"true","firebase-functions-hash":"61b22a204447c9c732a614aeb093c8381a110d07"},"environment":"GEN_2","url":"https://southamerica-east1-appacadabra-bee0f.cloudfunctions.net/uploadMedia","satisfiesPzs":true,"satisfiesPzi":true},"stages":[{"name":"BUILD","message":"Build in progress","state":"IN_PROGRESS","resource":"projects/901177243529/locations/southamerica-east1/builds/85d13dec-eeb7-46a3-a941-3a30b4b77ead","resourceUri":"https://console.cloud.google.com/cloud-build/builds;region=southamerica-east1/85d13dec-eeb7-46a3-a941-3a30b4b77ead?project=901177243529"},{"name":"SERVICE","state":"NOT_STARTED"}],"operationType":"UPDATE_FUNCTION","buildName":"projects/901177243529/locations/southamerica-east1/builds/85d13dec-eeb7-46a3-a941-3a30b4b77ead"},"done":false}
[debug] [2026-03-13T21:20:55.891Z] [update-default-southamerica-east1-generateSpell] Retrying task index 0
[debug] [2026-03-13T21:20:55.892Z] Checked if tokens are valid: true, expires at: 1773440411892
[debug] [2026-03-13T21:20:55.892Z] Checked if tokens are valid: true, expires at: 1773440411892
[debug] [2026-03-13T21:20:55.892Z] >>> [apiv2][query] GET https://cloudfunctions.googleapis.com/v2/projects/appacadabra-bee0f/locations/southamerica-east1/operations/operation-1773436850115-64cee717b91c1-7e6a927a-282474f6 [none]
[debug] [2026-03-13T21:20:56.211Z] <<< [apiv2][status] GET https://cloudfunctions.googleapis.com/v2/projects/appacadabra-bee0f/locations/southamerica-east1/operations/operation-1773436850117-64cee717b9c3d-7091657d-d20bb22a 200
[debug] [2026-03-13T21:20:56.211Z] <<< [apiv2][body] GET https://cloudfunctions.googleapis.com/v2/projects/appacadabra-bee0f/locations/southamerica-east1/operations/operation-1773436850117-64cee717b9c3d-7091657d-d20bb22a {"name":"projects/appacadabra-bee0f/locations/southamerica-east1/operations/operation-1773436850117-64cee717b9c3d-7091657d-d20bb22a","metadata":{"@type":"type.googleapis.com/google.cloud.functions.v2.OperationMetadata","createTime":"2026-03-13T21:20:51.237277957Z","target":"projects/appacadabra-bee0f/locations/southamerica-east1/functions/addCredits","verb":"update","cancelRequested":false,"apiVersion":"v2","requestResource":{"@type":"type.googleapis.com/google.cloud.functions.v2.Function","name":"projects/appacadabra-bee0f/locations/southamerica-east1/functions/addCredits","buildConfig":{"runtime":"nodejs22","entryPoint":"addCredits","source":{"storageSource":{"bucket":"gcf-v2-sources-901177243529-southamerica-east1","object":"addCredits/function-source.zip","generation":"1773436851188028"}},"environmentVariables":{"GOOGLE_NODE_RUN_SCRIPTS":""},"dockerRepository":"projects/appacadabra-bee0f/locations/southamerica-east1/repositories/gcf-artifacts","sourceProvenance":{"resolvedStorageSource":{"bucket":"gcf-v2-sources-901177243529-southamerica-east1","object":"addCredits/function-source.zip","generation":"1773357481788441"}},"dockerRegistry":"ARTIFACT_REGISTRY","serviceAccount":"projects/appacadabra-bee0f/serviceAccounts/901177243529-compute@developer.gserviceaccount.com","automaticUpdatePolicy":{}},"serviceConfig":{"service":"projects/appacadabra-bee0f/locations/southamerica-east1/services/addcredits","timeoutSeconds":60,"environmentVariables":{"FIREBASE_CONFIG":"{\"projectId\":\"appacadabra-bee0f\",\"storageBucket\":\"appacadabra-bee0f.firebasestorage.app\"}","GCLOUD_PROJECT":"appacadabra-bee0f","EVENTARC_CLOUD_EVENT_SOURCE":"projects/appacadabra-bee0f/locations/southamerica-east1/services/addCredits","FUNCTION_TARGET":"addCredits","LOG_EXECUTION_ID":"true","FUNCTION_SIGNATURE_TYPE":"http"},"ingressSettings":"ALLOW_ALL","uri":"https://addcredits-vuv5axgmbq-rj.a.run.app","serviceAccountEmail":"901177243529-compute@developer.gserviceaccount.com","availableMemory":"256Mi","allTrafficOnLatestRevision":true,"revision":"addcredits-00072-sog","maxInstanceRequestConcurrency":80,"availableCpu":"1"},"state":"ACTIVE","labels":{"deployment-tool":"cli-firebase","deployment-callable":"true","firebase-functions-hash":"61b22a204447c9c732a614aeb093c8381a110d07"},"environment":"GEN_2","url":"https://southamerica-east1-appacadabra-bee0f.cloudfunctions.net/addCredits","satisfiesPzs":true,"satisfiesPzi":true},"stages":[{"name":"BUILD","message":"Build in progress","state":"IN_PROGRESS","resource":"projects/901177243529/locations/southamerica-east1/builds/0eae158a-d55a-4adb-9a17-2917113fe0f5","resourceUri":"https://console.cloud.google.com/cloud-build/builds;region=southamerica-east1/0eae158a-d55a-4adb-9a17-2917113fe0f5?project=901177243529"},{"name":"SERVICE","state":"NOT_STARTED"}],"operationType":"UPDATE_FUNCTION","buildName":"projects/901177243529/locations/southamerica-east1/builds/0eae158a-d55a-4adb-9a17-2917113fe0f5"},"done":false}
[debug] [2026-03-13T21:20:56.284Z] <<< [apiv2][status] GET https://cloudfunctions.googleapis.com/v2/projects/appacadabra-bee0f/locations/southamerica-east1/operations/operation-1773436850115-64cee717b91c1-7e6a927a-282474f6 200
[debug] [2026-03-13T21:20:56.284Z] <<< [apiv2][body] GET https://cloudfunctions.googleapis.com/v2/projects/appacadabra-bee0f/locations/southamerica-east1/operations/operation-1773436850115-64cee717b91c1-7e6a927a-282474f6 {"name":"projects/appacadabra-bee0f/locations/southamerica-east1/operations/operation-1773436850115-64cee717b91c1-7e6a927a-282474f6","metadata":{"@type":"type.googleapis.com/google.cloud.functions.v2.OperationMetadata","createTime":"2026-03-13T21:20:51.210509536Z","target":"projects/appacadabra-bee0f/locations/southamerica-east1/functions/generateSpell","verb":"update","cancelRequested":false,"apiVersion":"v2","requestResource":{"@type":"type.googleapis.com/google.cloud.functions.v2.Function","name":"projects/appacadabra-bee0f/locations/southamerica-east1/functions/generateSpell","buildConfig":{"runtime":"nodejs22","entryPoint":"generateSpell","source":{"storageSource":{"bucket":"gcf-v2-sources-901177243529-southamerica-east1","object":"generateSpell/function-source.zip","generation":"1773436851164542"}},"environmentVariables":{"GOOGLE_NODE_RUN_SCRIPTS":""},"dockerRepository":"projects/appacadabra-bee0f/locations/southamerica-east1/repositories/gcf-artifacts","sourceProvenance":{"resolvedStorageSource":{"bucket":"gcf-v2-sources-901177243529-southamerica-east1","object":"generateSpell/function-source.zip","generation":"1773357388897582"}},"dockerRegistry":"ARTIFACT_REGISTRY","serviceAccount":"projects/appacadabra-bee0f/serviceAccounts/901177243529-compute@developer.gserviceaccount.com","automaticUpdatePolicy":{}},"serviceConfig":{"service":"projects/appacadabra-bee0f/locations/southamerica-east1/services/generatespell","timeoutSeconds":300,"environmentVariables":{"FIREBASE_CONFIG":"{\"projectId\":\"appacadabra-bee0f\",\"storageBucket\":\"appacadabra-bee0f.firebasestorage.app\"}","GCLOUD_PROJECT":"appacadabra-bee0f","EVENTARC_CLOUD_EVENT_SOURCE":"projects/appacadabra-bee0f/locations/southamerica-east1/services/generateSpell","FUNCTION_TARGET":"generateSpell","LOG_EXECUTION_ID":"true"},"ingressSettings":"ALLOW_ALL","uri":"https://generatespell-vuv5axgmbq-rj.a.run.app","serviceAccountEmail":"901177243529-compute@developer.gserviceaccount.com","availableMemory":"512Mi","allTrafficOnLatestRevision":true,"secretEnvironmentVariables":[{"key":"GEMINI_API_KEY","projectId":"appacadabra-bee0f","secret":"GEMINI_API_KEY","version":"2"}],"revision":"generatespell-00072-pul","maxInstanceRequestConcurrency":80,"availableCpu":"1"},"state":"ACTIVE","labels":{"deployment-tool":"cli-firebase","deployment-callable":"true","firebase-functions-hash":"1232314584414664f366e06b24d36300fc9f3097"},"environment":"GEN_2","url":"https://southamerica-east1-appacadabra-bee0f.cloudfunctions.net/generateSpell","satisfiesPzs":true,"satisfiesPzi":true},"stages":[{"name":"BUILD","message":"Build in progress","state":"IN_PROGRESS","resource":"projects/901177243529/locations/southamerica-east1/builds/bfe1703b-ab78-44b4-82f8-339f2e865d5f","resourceUri":"https://console.cloud.google.com/cloud-build/builds;region=southamerica-east1/bfe1703b-ab78-44b4-82f8-339f2e865d5f?project=901177243529"},{"name":"SERVICE","state":"NOT_STARTED"}],"operationType":"UPDATE_FUNCTION","buildName":"projects/901177243529/locations/southamerica-east1/builds/bfe1703b-ab78-44b4-82f8-339f2e865d5f"},"done":false}
[debug] [2026-03-13T21:20:59.796Z] [update-default-southamerica-east1-uploadMedia] Retrying task index 0
[debug] [2026-03-13T21:20:59.796Z] Checked if tokens are valid: true, expires at: 1773440411892
[debug] [2026-03-13T21:20:59.796Z] Checked if tokens are valid: true, expires at: 1773440411892
[debug] [2026-03-13T21:20:59.796Z] >>> [apiv2][query] GET https://cloudfunctions.googleapis.com/v2/projects/appacadabra-bee0f/locations/southamerica-east1/operations/operation-1773436849978-64cee71797cbc-7102a3b4-2187735c [none]
[debug] [2026-03-13T21:21:00.226Z] [update-default-southamerica-east1-addCredits] Retrying task index 0
[debug] [2026-03-13T21:21:00.227Z] Checked if tokens are valid: true, expires at: 1773440411892
[debug] [2026-03-13T21:21:00.227Z] Checked if tokens are valid: true, expires at: 1773440411892
[debug] [2026-03-13T21:21:00.227Z] >>> [apiv2][query] GET https://cloudfunctions.googleapis.com/v2/projects/appacadabra-bee0f/locations/southamerica-east1/operations/operation-1773436850117-64cee717b9c3d-7091657d-d20bb22a [none]
[debug] [2026-03-13T21:21:00.256Z] <<< [apiv2][status] GET https://cloudfunctions.googleapis.com/v2/projects/appacadabra-bee0f/locations/southamerica-east1/operations/operation-1773436849978-64cee71797cbc-7102a3b4-2187735c 200
[debug] [2026-03-13T21:21:00.257Z] <<< [apiv2][body] GET https://cloudfunctions.googleapis.com/v2/projects/appacadabra-bee0f/locations/southamerica-east1/operations/operation-1773436849978-64cee71797cbc-7102a3b4-2187735c {"name":"projects/appacadabra-bee0f/locations/southamerica-east1/operations/operation-1773436849978-64cee71797cbc-7102a3b4-2187735c","metadata":{"@type":"type.googleapis.com/google.cloud.functions.v2.OperationMetadata","createTime":"2026-03-13T21:20:51.202791708Z","target":"projects/appacadabra-bee0f/locations/southamerica-east1/functions/uploadMedia","verb":"update","cancelRequested":false,"apiVersion":"v2","requestResource":{"@type":"type.googleapis.com/google.cloud.functions.v2.Function","name":"projects/appacadabra-bee0f/locations/southamerica-east1/functions/uploadMedia","buildConfig":{"runtime":"nodejs22","entryPoint":"uploadMedia","source":{"storageSource":{"bucket":"gcf-v2-sources-901177243529-southamerica-east1","object":"uploadMedia/function-source.zip","generation":"1773436851155541"}},"environmentVariables":{"GOOGLE_NODE_RUN_SCRIPTS":""},"dockerRepository":"projects/appacadabra-bee0f/locations/southamerica-east1/repositories/gcf-artifacts","sourceProvenance":{"resolvedStorageSource":{"bucket":"gcf-v2-sources-901177243529-southamerica-east1","object":"uploadMedia/function-source.zip","generation":"1773357388947581"}},"dockerRegistry":"ARTIFACT_REGISTRY","serviceAccount":"projects/appacadabra-bee0f/serviceAccounts/901177243529-compute@developer.gserviceaccount.com","automaticUpdatePolicy":{}},"serviceConfig":{"service":"projects/appacadabra-bee0f/locations/southamerica-east1/services/uploadmedia","timeoutSeconds":300,"environmentVariables":{"FIREBASE_CONFIG":"{\"projectId\":\"appacadabra-bee0f\",\"storageBucket\":\"appacadabra-bee0f.firebasestorage.app\"}","GCLOUD_PROJECT":"appacadabra-bee0f","EVENTARC_CLOUD_EVENT_SOURCE":"projects/appacadabra-bee0f/locations/southamerica-east1/services/uploadMedia","FUNCTION_TARGET":"uploadMedia","LOG_EXECUTION_ID":"true"},"ingressSettings":"ALLOW_ALL","uri":"https://uploadmedia-vuv5axgmbq-rj.a.run.app","serviceAccountEmail":"901177243529-compute@developer.gserviceaccount.com","availableMemory":"1024Mi","allTrafficOnLatestRevision":true,"revision":"uploadmedia-00010-fey","maxInstanceRequestConcurrency":80,"availableCpu":"1"},"state":"ACTIVE","labels":{"deployment-tool":"cli-firebase","deployment-callable":"true","firebase-functions-hash":"61b22a204447c9c732a614aeb093c8381a110d07"},"environment":"GEN_2","url":"https://southamerica-east1-appacadabra-bee0f.cloudfunctions.net/uploadMedia","satisfiesPzs":true,"satisfiesPzi":true},"stages":[{"name":"BUILD","message":"Build in progress","state":"IN_PROGRESS","resource":"projects/901177243529/locations/southamerica-east1/builds/85d13dec-eeb7-46a3-a941-3a30b4b77ead","resourceUri":"https://console.cloud.google.com/cloud-build/builds;region=southamerica-east1/85d13dec-eeb7-46a3-a941-3a30b4b77ead?project=901177243529"},{"name":"SERVICE","state":"NOT_STARTED"}],"operationType":"UPDATE_FUNCTION","buildName":"projects/901177243529/locations/southamerica-east1/builds/85d13dec-eeb7-46a3-a941-3a30b4b77ead"},"done":false}
[debug] [2026-03-13T21:21:00.295Z] [update-default-southamerica-east1-generateSpell] Retrying task index 0
[debug] [2026-03-13T21:21:00.295Z] Checked if tokens are valid: true, expires at: 1773440411892
[debug] [2026-03-13T21:21:00.296Z] Checked if tokens are valid: true, expires at: 1773440411892
[debug] [2026-03-13T21:21:00.296Z] >>> [apiv2][query] GET https://cloudfunctions.googleapis.com/v2/projects/appacadabra-bee0f/locations/southamerica-east1/operations/operation-1773436850115-64cee717b91c1-7e6a927a-282474f6 [none]
[debug] [2026-03-13T21:21:00.436Z] <<< [apiv2][status] GET https://cloudfunctions.googleapis.com/v2/projects/appacadabra-bee0f/locations/southamerica-east1/operations/operation-1773436850117-64cee717b9c3d-7091657d-d20bb22a 200
[debug] [2026-03-13T21:21:00.436Z] <<< [apiv2][body] GET https://cloudfunctions.googleapis.com/v2/projects/appacadabra-bee0f/locations/southamerica-east1/operations/operation-1773436850117-64cee717b9c3d-7091657d-d20bb22a {"name":"projects/appacadabra-bee0f/locations/southamerica-east1/operations/operation-1773436850117-64cee717b9c3d-7091657d-d20bb22a","metadata":{"@type":"type.googleapis.com/google.cloud.functions.v2.OperationMetadata","createTime":"2026-03-13T21:20:51.237277957Z","target":"projects/appacadabra-bee0f/locations/southamerica-east1/functions/addCredits","verb":"update","cancelRequested":false,"apiVersion":"v2","requestResource":{"@type":"type.googleapis.com/google.cloud.functions.v2.Function","name":"projects/appacadabra-bee0f/locations/southamerica-east1/functions/addCredits","buildConfig":{"runtime":"nodejs22","entryPoint":"addCredits","source":{"storageSource":{"bucket":"gcf-v2-sources-901177243529-southamerica-east1","object":"addCredits/function-source.zip","generation":"1773436851188028"}},"environmentVariables":{"GOOGLE_NODE_RUN_SCRIPTS":""},"dockerRepository":"projects/appacadabra-bee0f/locations/southamerica-east1/repositories/gcf-artifacts","sourceProvenance":{"resolvedStorageSource":{"bucket":"gcf-v2-sources-901177243529-southamerica-east1","object":"addCredits/function-source.zip","generation":"1773357481788441"}},"dockerRegistry":"ARTIFACT_REGISTRY","serviceAccount":"projects/appacadabra-bee0f/serviceAccounts/901177243529-compute@developer.gserviceaccount.com","automaticUpdatePolicy":{}},"serviceConfig":{"service":"projects/appacadabra-bee0f/locations/southamerica-east1/services/addcredits","timeoutSeconds":60,"environmentVariables":{"FIREBASE_CONFIG":"{\"projectId\":\"appacadabra-bee0f\",\"storageBucket\":\"appacadabra-bee0f.firebasestorage.app\"}","GCLOUD_PROJECT":"appacadabra-bee0f","EVENTARC_CLOUD_EVENT_SOURCE":"projects/appacadabra-bee0f/locations/southamerica-east1/services/addCredits","FUNCTION_TARGET":"addCredits","LOG_EXECUTION_ID":"true","FUNCTION_SIGNATURE_TYPE":"http"},"ingressSettings":"ALLOW_ALL","uri":"https://addcredits-vuv5axgmbq-rj.a.run.app","serviceAccountEmail":"901177243529-compute@developer.gserviceaccount.com","availableMemory":"256Mi","allTrafficOnLatestRevision":true,"revision":"addcredits-00072-sog","maxInstanceRequestConcurrency":80,"availableCpu":"1"},"state":"ACTIVE","labels":{"deployment-tool":"cli-firebase","deployment-callable":"true","firebase-functions-hash":"61b22a204447c9c732a614aeb093c8381a110d07"},"environment":"GEN_2","url":"https://southamerica-east1-appacadabra-bee0f.cloudfunctions.net/addCredits","satisfiesPzs":true,"satisfiesPzi":true},"stages":[{"name":"BUILD","message":"Build in progress","state":"IN_PROGRESS","resource":"projects/901177243529/locations/southamerica-east1/builds/0eae158a-d55a-4adb-9a17-2917113fe0f5","resourceUri":"https://console.cloud.google.com/cloud-build/builds;region=southamerica-east1/0eae158a-d55a-4adb-9a17-2917113fe0f5?project=901177243529"},{"name":"SERVICE","state":"NOT_STARTED"}],"operationType":"UPDATE_FUNCTION","buildName":"projects/901177243529/locations/southamerica-east1/builds/0eae158a-d55a-4adb-9a17-2917113fe0f5"},"done":false}
[debug] [2026-03-13T21:21:00.709Z] <<< [apiv2][status] GET https://cloudfunctions.googleapis.com/v2/projects/appacadabra-bee0f/locations/southamerica-east1/operations/operation-1773436850115-64cee717b91c1-7e6a927a-282474f6 200
[debug] [2026-03-13T21:21:00.709Z] <<< [apiv2][body] GET https://cloudfunctions.googleapis.com/v2/projects/appacadabra-bee0f/locations/southamerica-east1/operations/operation-1773436850115-64cee717b91c1-7e6a927a-282474f6 {"name":"projects/appacadabra-bee0f/locations/southamerica-east1/operations/operation-1773436850115-64cee717b91c1-7e6a927a-282474f6","metadata":{"@type":"type.googleapis.com/google.cloud.functions.v2.OperationMetadata","createTime":"2026-03-13T21:20:51.210509536Z","target":"projects/appacadabra-bee0f/locations/southamerica-east1/functions/generateSpell","verb":"update","cancelRequested":false,"apiVersion":"v2","requestResource":{"@type":"type.googleapis.com/google.cloud.functions.v2.Function","name":"projects/appacadabra-bee0f/locations/southamerica-east1/functions/generateSpell","buildConfig":{"runtime":"nodejs22","entryPoint":"generateSpell","source":{"storageSource":{"bucket":"gcf-v2-sources-901177243529-southamerica-east1","object":"generateSpell/function-source.zip","generation":"1773436851164542"}},"environmentVariables":{"GOOGLE_NODE_RUN_SCRIPTS":""},"dockerRepository":"projects/appacadabra-bee0f/locations/southamerica-east1/repositories/gcf-artifacts","sourceProvenance":{"resolvedStorageSource":{"bucket":"gcf-v2-sources-901177243529-southamerica-east1","object":"generateSpell/function-source.zip","generation":"1773357388897582"}},"dockerRegistry":"ARTIFACT_REGISTRY","serviceAccount":"projects/appacadabra-bee0f/serviceAccounts/901177243529-compute@developer.gserviceaccount.com","automaticUpdatePolicy":{}},"serviceConfig":{"service":"projects/appacadabra-bee0f/locations/southamerica-east1/services/generatespell","timeoutSeconds":300,"environmentVariables":{"FIREBASE_CONFIG":"{\"projectId\":\"appacadabra-bee0f\",\"storageBucket\":\"appacadabra-bee0f.firebasestorage.app\"}","GCLOUD_PROJECT":"appacadabra-bee0f","EVENTARC_CLOUD_EVENT_SOURCE":"projects/appacadabra-bee0f/locations/southamerica-east1/services/generateSpell","FUNCTION_TARGET":"generateSpell","LOG_EXECUTION_ID":"true"},"ingressSettings":"ALLOW_ALL","uri":"https://generatespell-vuv5axgmbq-rj.a.run.app","serviceAccountEmail":"901177243529-compute@developer.gserviceaccount.com","availableMemory":"512Mi","allTrafficOnLatestRevision":true,"secretEnvironmentVariables":[{"key":"GEMINI_API_KEY","projectId":"appacadabra-bee0f","secret":"GEMINI_API_KEY","version":"2"}],"revision":"generatespell-00072-pul","maxInstanceRequestConcurrency":80,"availableCpu":"1"},"state":"ACTIVE","labels":{"deployment-tool":"cli-firebase","deployment-callable":"true","firebase-functions-hash":"1232314584414664f366e06b24d36300fc9f3097"},"environment":"GEN_2","url":"https://southamerica-east1-appacadabra-bee0f.cloudfunctions.net/generateSpell","satisfiesPzs":true,"satisfiesPzi":true},"stages":[{"name":"BUILD","message":"Build in progress","state":"IN_PROGRESS","resource":"projects/901177243529/locations/southamerica-east1/builds/bfe1703b-ab78-44b4-82f8-339f2e865d5f","resourceUri":"https://console.cloud.google.com/cloud-build/builds;region=southamerica-east1/bfe1703b-ab78-44b4-82f8-339f2e865d5f?project=901177243529"},{"name":"SERVICE","state":"NOT_STARTED"}],"operationType":"UPDATE_FUNCTION","buildName":"projects/901177243529/locations/southamerica-east1/builds/bfe1703b-ab78-44b4-82f8-339f2e865d5f"},"done":false}
[debug] [2026-03-13T21:21:08.270Z] [update-default-southamerica-east1-uploadMedia] Retrying task index 0
[debug] [2026-03-13T21:21:08.271Z] Checked if tokens are valid: true, expires at: 1773440411892
[debug] [2026-03-13T21:21:08.271Z] Checked if tokens are valid: true, expires at: 1773440411892
[debug] [2026-03-13T21:21:08.271Z] >>> [apiv2][query] GET https://cloudfunctions.googleapis.com/v2/projects/appacadabra-bee0f/locations/southamerica-east1/operations/operation-1773436849978-64cee71797cbc-7102a3b4-2187735c [none]
[debug] [2026-03-13T21:21:08.440Z] [update-default-southamerica-east1-addCredits] Retrying task index 0
[debug] [2026-03-13T21:21:08.441Z] Checked if tokens are valid: true, expires at: 1773440411892
[debug] [2026-03-13T21:21:08.441Z] Checked if tokens are valid: true, expires at: 1773440411892
[debug] [2026-03-13T21:21:08.441Z] >>> [apiv2][query] GET https://cloudfunctions.googleapis.com/v2/projects/appacadabra-bee0f/locations/southamerica-east1/operations/operation-1773436850117-64cee717b9c3d-7091657d-d20bb22a [none]
[debug] [2026-03-13T21:21:08.722Z] [update-default-southamerica-east1-generateSpell] Retrying task index 0
[debug] [2026-03-13T21:21:08.723Z] Checked if tokens are valid: true, expires at: 1773440411892
[debug] [2026-03-13T21:21:08.723Z] Checked if tokens are valid: true, expires at: 1773440411892
[debug] [2026-03-13T21:21:08.723Z] >>> [apiv2][query] GET https://cloudfunctions.googleapis.com/v2/projects/appacadabra-bee0f/locations/southamerica-east1/operations/operation-1773436850115-64cee717b91c1-7e6a927a-282474f6 [none]
[debug] [2026-03-13T21:21:08.853Z] <<< [apiv2][status] GET https://cloudfunctions.googleapis.com/v2/projects/appacadabra-bee0f/locations/southamerica-east1/operations/operation-1773436849978-64cee71797cbc-7102a3b4-2187735c 200
[debug] [2026-03-13T21:21:08.853Z] <<< [apiv2][body] GET https://cloudfunctions.googleapis.com/v2/projects/appacadabra-bee0f/locations/southamerica-east1/operations/operation-1773436849978-64cee71797cbc-7102a3b4-2187735c {"name":"projects/appacadabra-bee0f/locations/southamerica-east1/operations/operation-1773436849978-64cee71797cbc-7102a3b4-2187735c","metadata":{"@type":"type.googleapis.com/google.cloud.functions.v2.OperationMetadata","createTime":"2026-03-13T21:20:51.202791708Z","target":"projects/appacadabra-bee0f/locations/southamerica-east1/functions/uploadMedia","verb":"update","cancelRequested":false,"apiVersion":"v2","requestResource":{"@type":"type.googleapis.com/google.cloud.functions.v2.Function","name":"projects/appacadabra-bee0f/locations/southamerica-east1/functions/uploadMedia","buildConfig":{"runtime":"nodejs22","entryPoint":"uploadMedia","source":{"storageSource":{"bucket":"gcf-v2-sources-901177243529-southamerica-east1","object":"uploadMedia/function-source.zip","generation":"1773436851155541"}},"environmentVariables":{"GOOGLE_NODE_RUN_SCRIPTS":""},"dockerRepository":"projects/appacadabra-bee0f/locations/southamerica-east1/repositories/gcf-artifacts","sourceProvenance":{"resolvedStorageSource":{"bucket":"gcf-v2-sources-901177243529-southamerica-east1","object":"uploadMedia/function-source.zip","generation":"1773357388947581"}},"dockerRegistry":"ARTIFACT_REGISTRY","serviceAccount":"projects/appacadabra-bee0f/serviceAccounts/901177243529-compute@developer.gserviceaccount.com","automaticUpdatePolicy":{}},"serviceConfig":{"service":"projects/appacadabra-bee0f/locations/southamerica-east1/services/uploadmedia","timeoutSeconds":300,"environmentVariables":{"FIREBASE_CONFIG":"{\"projectId\":\"appacadabra-bee0f\",\"storageBucket\":\"appacadabra-bee0f.firebasestorage.app\"}","GCLOUD_PROJECT":"appacadabra-bee0f","EVENTARC_CLOUD_EVENT_SOURCE":"projects/appacadabra-bee0f/locations/southamerica-east1/services/uploadMedia","FUNCTION_TARGET":"uploadMedia","LOG_EXECUTION_ID":"true"},"ingressSettings":"ALLOW_ALL","uri":"https://uploadmedia-vuv5axgmbq-rj.a.run.app","serviceAccountEmail":"901177243529-compute@developer.gserviceaccount.com","availableMemory":"1024Mi","allTrafficOnLatestRevision":true,"revision":"uploadmedia-00010-fey","maxInstanceRequestConcurrency":80,"availableCpu":"1"},"state":"ACTIVE","labels":{"deployment-tool":"cli-firebase","deployment-callable":"true","firebase-functions-hash":"61b22a204447c9c732a614aeb093c8381a110d07"},"environment":"GEN_2","url":"https://southamerica-east1-appacadabra-bee0f.cloudfunctions.net/uploadMedia","satisfiesPzs":true,"satisfiesPzi":true},"stages":[{"name":"BUILD","message":"Build in progress","state":"IN_PROGRESS","resource":"projects/901177243529/locations/southamerica-east1/builds/85d13dec-eeb7-46a3-a941-3a30b4b77ead","resourceUri":"https://console.cloud.google.com/cloud-build/builds;region=southamerica-east1/85d13dec-eeb7-46a3-a941-3a30b4b77ead?project=901177243529"},{"name":"SERVICE","state":"NOT_STARTED"}],"operationType":"UPDATE_FUNCTION","buildName":"projects/901177243529/locations/southamerica-east1/builds/85d13dec-eeb7-46a3-a941-3a30b4b77ead"},"done":false}
[debug] [2026-03-13T21:21:10.834Z] <<< [apiv2][status] GET https://cloudfunctions.googleapis.com/v2/projects/appacadabra-bee0f/locations/southamerica-east1/operations/operation-1773436850115-64cee717b91c1-7e6a927a-282474f6 200
[debug] [2026-03-13T21:21:10.834Z] <<< [apiv2][body] GET https://cloudfunctions.googleapis.com/v2/projects/appacadabra-bee0f/locations/southamerica-east1/operations/operation-1773436850115-64cee717b91c1-7e6a927a-282474f6 {"name":"projects/appacadabra-bee0f/locations/southamerica-east1/operations/operation-1773436850115-64cee717b91c1-7e6a927a-282474f6","metadata":{"@type":"type.googleapis.com/google.cloud.functions.v2.OperationMetadata","createTime":"2026-03-13T21:20:51.210509536Z","target":"projects/appacadabra-bee0f/locations/southamerica-east1/functions/generateSpell","verb":"update","cancelRequested":false,"apiVersion":"v2","requestResource":{"@type":"type.googleapis.com/google.cloud.functions.v2.Function","name":"projects/appacadabra-bee0f/locations/southamerica-east1/functions/generateSpell","buildConfig":{"runtime":"nodejs22","entryPoint":"generateSpell","source":{"storageSource":{"bucket":"gcf-v2-sources-901177243529-southamerica-east1","object":"generateSpell/function-source.zip","generation":"1773436851164542"}},"environmentVariables":{"GOOGLE_NODE_RUN_SCRIPTS":""},"dockerRepository":"projects/appacadabra-bee0f/locations/southamerica-east1/repositories/gcf-artifacts","sourceProvenance":{"resolvedStorageSource":{"bucket":"gcf-v2-sources-901177243529-southamerica-east1","object":"generateSpell/function-source.zip","generation":"1773357388897582"}},"dockerRegistry":"ARTIFACT_REGISTRY","serviceAccount":"projects/appacadabra-bee0f/serviceAccounts/901177243529-compute@developer.gserviceaccount.com","automaticUpdatePolicy":{}},"serviceConfig":{"service":"projects/appacadabra-bee0f/locations/southamerica-east1/services/generatespell","timeoutSeconds":300,"environmentVariables":{"FIREBASE_CONFIG":"{\"projectId\":\"appacadabra-bee0f\",\"storageBucket\":\"appacadabra-bee0f.firebasestorage.app\"}","GCLOUD_PROJECT":"appacadabra-bee0f","EVENTARC_CLOUD_EVENT_SOURCE":"projects/appacadabra-bee0f/locations/southamerica-east1/services/generateSpell","FUNCTION_TARGET":"generateSpell","LOG_EXECUTION_ID":"true"},"ingressSettings":"ALLOW_ALL","uri":"https://generatespell-vuv5axgmbq-rj.a.run.app","serviceAccountEmail":"901177243529-compute@developer.gserviceaccount.com","availableMemory":"512Mi","allTrafficOnLatestRevision":true,"secretEnvironmentVariables":[{"key":"GEMINI_API_KEY","projectId":"appacadabra-bee0f","secret":"GEMINI_API_KEY","version":"2"}],"revision":"generatespell-00072-pul","maxInstanceRequestConcurrency":80,"availableCpu":"1"},"state":"ACTIVE","labels":{"deployment-tool":"cli-firebase","deployment-callable":"true","firebase-functions-hash":"1232314584414664f366e06b24d36300fc9f3097"},"environment":"GEN_2","url":"https://southamerica-east1-appacadabra-bee0f.cloudfunctions.net/generateSpell","satisfiesPzs":true,"satisfiesPzi":true},"stages":[{"name":"BUILD","message":"Build in progress","state":"IN_PROGRESS","resource":"projects/901177243529/locations/southamerica-east1/builds/bfe1703b-ab78-44b4-82f8-339f2e865d5f","resourceUri":"https://console.cloud.google.com/cloud-build/builds;region=southamerica-east1/bfe1703b-ab78-44b4-82f8-339f2e865d5f?project=901177243529"},{"name":"SERVICE","state":"NOT_STARTED"}],"operationType":"UPDATE_FUNCTION","buildName":"projects/901177243529/locations/southamerica-east1/builds/bfe1703b-ab78-44b4-82f8-339f2e865d5f"},"done":false}
[debug] [2026-03-13T21:21:18.615Z] *** [apiv2] error from fetch(https://cloudfunctions.googleapis.com/v2/projects/appacadabra-bee0f/locations/southamerica-east1/operations/operation-1773436850117-64cee717b9c3d-7091657d-d20bb22a, {"headers":{},"method":"GET"}): FetchError: request to https://cloudfunctions.googleapis.com/v2/projects/appacadabra-bee0f/locations/southamerica-east1/operations/operation-1773436850117-64cee717b9c3d-7091657d-d20bb22a failed, reason: Client network socket disconnected before secure TLS connection was established
[debug] [2026-03-13T21:21:18.863Z] [update-default-southamerica-east1-uploadMedia] Retrying task index 0
[debug] [2026-03-13T21:21:18.863Z] Checked if tokens are valid: true, expires at: 1773440411892
[debug] [2026-03-13T21:21:18.863Z] Checked if tokens are valid: true, expires at: 1773440411892
[debug] [2026-03-13T21:21:18.864Z] >>> [apiv2][query] GET https://cloudfunctions.googleapis.com/v2/projects/appacadabra-bee0f/locations/southamerica-east1/operations/operation-1773436849978-64cee71797cbc-7102a3b4-2187735c [none]
[debug] [2026-03-13T21:21:20.415Z] <<< [apiv2][status] GET https://cloudfunctions.googleapis.com/v2/projects/appacadabra-bee0f/locations/southamerica-east1/operations/operation-1773436849978-64cee71797cbc-7102a3b4-2187735c 200
[debug] [2026-03-13T21:21:20.416Z] <<< [apiv2][body] GET https://cloudfunctions.googleapis.com/v2/projects/appacadabra-bee0f/locations/southamerica-east1/operations/operation-1773436849978-64cee71797cbc-7102a3b4-2187735c {"name":"projects/appacadabra-bee0f/locations/southamerica-east1/operations/operation-1773436849978-64cee71797cbc-7102a3b4-2187735c","metadata":{"@type":"type.googleapis.com/google.cloud.functions.v2.OperationMetadata","createTime":"2026-03-13T21:20:51.202791708Z","target":"projects/appacadabra-bee0f/locations/southamerica-east1/functions/uploadMedia","verb":"update","cancelRequested":false,"apiVersion":"v2","requestResource":{"@type":"type.googleapis.com/google.cloud.functions.v2.Function","name":"projects/appacadabra-bee0f/locations/southamerica-east1/functions/uploadMedia","buildConfig":{"runtime":"nodejs22","entryPoint":"uploadMedia","source":{"storageSource":{"bucket":"gcf-v2-sources-901177243529-southamerica-east1","object":"uploadMedia/function-source.zip","generation":"1773436851155541"}},"environmentVariables":{"GOOGLE_NODE_RUN_SCRIPTS":""},"dockerRepository":"projects/appacadabra-bee0f/locations/southamerica-east1/repositories/gcf-artifacts","sourceProvenance":{"resolvedStorageSource":{"bucket":"gcf-v2-sources-901177243529-southamerica-east1","object":"uploadMedia/function-source.zip","generation":"1773357388947581"}},"dockerRegistry":"ARTIFACT_REGISTRY","serviceAccount":"projects/appacadabra-bee0f/serviceAccounts/901177243529-compute@developer.gserviceaccount.com","automaticUpdatePolicy":{}},"serviceConfig":{"service":"projects/appacadabra-bee0f/locations/southamerica-east1/services/uploadmedia","timeoutSeconds":300,"environmentVariables":{"FIREBASE_CONFIG":"{\"projectId\":\"appacadabra-bee0f\",\"storageBucket\":\"appacadabra-bee0f.firebasestorage.app\"}","GCLOUD_PROJECT":"appacadabra-bee0f","EVENTARC_CLOUD_EVENT_SOURCE":"projects/appacadabra-bee0f/locations/southamerica-east1/services/uploadMedia","FUNCTION_TARGET":"uploadMedia","LOG_EXECUTION_ID":"true"},"ingressSettings":"ALLOW_ALL","uri":"https://uploadmedia-vuv5axgmbq-rj.a.run.app","serviceAccountEmail":"901177243529-compute@developer.gserviceaccount.com","availableMemory":"1024Mi","allTrafficOnLatestRevision":true,"revision":"uploadmedia-00010-fey","maxInstanceRequestConcurrency":80,"availableCpu":"1"},"state":"ACTIVE","labels":{"deployment-tool":"cli-firebase","deployment-callable":"true","firebase-functions-hash":"61b22a204447c9c732a614aeb093c8381a110d07"},"environment":"GEN_2","url":"https://southamerica-east1-appacadabra-bee0f.cloudfunctions.net/uploadMedia","satisfiesPzs":true,"satisfiesPzi":true},"stages":[{"name":"BUILD","message":"Build in progress","state":"IN_PROGRESS","resource":"projects/901177243529/locations/southamerica-east1/builds/85d13dec-eeb7-46a3-a941-3a30b4b77ead","resourceUri":"https://console.cloud.google.com/cloud-build/builds;region=southamerica-east1/85d13dec-eeb7-46a3-a941-3a30b4b77ead?project=901177243529"},{"name":"SERVICE","state":"NOT_STARTED"}],"operationType":"UPDATE_FUNCTION","buildName":"projects/901177243529/locations/southamerica-east1/builds/85d13dec-eeb7-46a3-a941-3a30b4b77ead"},"done":false}
[debug] [2026-03-13T21:21:20.845Z] [update-default-southamerica-east1-generateSpell] Retrying task index 0
[debug] [2026-03-13T21:21:20.846Z] Checked if tokens are valid: true, expires at: 1773440411892
[debug] [2026-03-13T21:21:20.846Z] Checked if tokens are valid: true, expires at: 1773440411892
[debug] [2026-03-13T21:21:20.846Z] >>> [apiv2][query] GET https://cloudfunctions.googleapis.com/v2/projects/appacadabra-bee0f/locations/southamerica-east1/operations/operation-1773436850115-64cee717b91c1-7e6a927a-282474f6 [none]
[debug] [2026-03-13T21:21:21.301Z] <<< [apiv2][status] GET https://cloudfunctions.googleapis.com/v2/projects/appacadabra-bee0f/locations/southamerica-east1/operations/operation-1773436850115-64cee717b91c1-7e6a927a-282474f6 200
[debug] [2026-03-13T21:21:21.301Z] <<< [apiv2][body] GET https://cloudfunctions.googleapis.com/v2/projects/appacadabra-bee0f/locations/southamerica-east1/operations/operation-1773436850115-64cee717b91c1-7e6a927a-282474f6 {"name":"projects/appacadabra-bee0f/locations/southamerica-east1/operations/operation-1773436850115-64cee717b91c1-7e6a927a-282474f6","metadata":{"@type":"type.googleapis.com/google.cloud.functions.v2.OperationMetadata","createTime":"2026-03-13T21:20:51.210509536Z","target":"projects/appacadabra-bee0f/locations/southamerica-east1/functions/generateSpell","verb":"update","cancelRequested":false,"apiVersion":"v2","requestResource":{"@type":"type.googleapis.com/google.cloud.functions.v2.Function","name":"projects/appacadabra-bee0f/locations/southamerica-east1/functions/generateSpell","buildConfig":{"runtime":"nodejs22","entryPoint":"generateSpell","source":{"storageSource":{"bucket":"gcf-v2-sources-901177243529-southamerica-east1","object":"generateSpell/function-source.zip","generation":"1773436851164542"}},"environmentVariables":{"GOOGLE_NODE_RUN_SCRIPTS":""},"dockerRepository":"projects/appacadabra-bee0f/locations/southamerica-east1/repositories/gcf-artifacts","sourceProvenance":{"resolvedStorageSource":{"bucket":"gcf-v2-sources-901177243529-southamerica-east1","object":"generateSpell/function-source.zip","generation":"1773357388897582"}},"dockerRegistry":"ARTIFACT_REGISTRY","serviceAccount":"projects/appacadabra-bee0f/serviceAccounts/901177243529-compute@developer.gserviceaccount.com","automaticUpdatePolicy":{}},"serviceConfig":{"service":"projects/appacadabra-bee0f/locations/southamerica-east1/services/generatespell","timeoutSeconds":300,"environmentVariables":{"FIREBASE_CONFIG":"{\"projectId\":\"appacadabra-bee0f\",\"storageBucket\":\"appacadabra-bee0f.firebasestorage.app\"}","GCLOUD_PROJECT":"appacadabra-bee0f","EVENTARC_CLOUD_EVENT_SOURCE":"projects/appacadabra-bee0f/locations/southamerica-east1/services/generateSpell","FUNCTION_TARGET":"generateSpell","LOG_EXECUTION_ID":"true"},"ingressSettings":"ALLOW_ALL","uri":"https://generatespell-vuv5axgmbq-rj.a.run.app","serviceAccountEmail":"901177243529-compute@developer.gserviceaccount.com","availableMemory":"512Mi","allTrafficOnLatestRevision":true,"secretEnvironmentVariables":[{"key":"GEMINI_API_KEY","projectId":"appacadabra-bee0f","secret":"GEMINI_API_KEY","version":"2"}],"revision":"generatespell-00072-pul","maxInstanceRequestConcurrency":80,"availableCpu":"1"},"state":"ACTIVE","labels":{"deployment-tool":"cli-firebase","deployment-callable":"true","firebase-functions-hash":"1232314584414664f366e06b24d36300fc9f3097"},"environment":"GEN_2","url":"https://southamerica-east1-appacadabra-bee0f.cloudfunctions.net/generateSpell","satisfiesPzs":true,"satisfiesPzi":true},"stages":[{"name":"BUILD","message":"Build in progress","state":"IN_PROGRESS","resource":"projects/901177243529/locations/southamerica-east1/builds/bfe1703b-ab78-44b4-82f8-339f2e865d5f","resourceUri":"https://console.cloud.google.com/cloud-build/builds;region=southamerica-east1/bfe1703b-ab78-44b4-82f8-339f2e865d5f?project=901177243529"},{"name":"SERVICE","state":"NOT_STARTED"}],"operationType":"UPDATE_FUNCTION","buildName":"projects/901177243529/locations/southamerica-east1/builds/bfe1703b-ab78-44b4-82f8-339f2e865d5f"},"done":false}
[debug] [2026-03-13T21:21:28.636Z] [update-default-southamerica-east1-addCredits] Retrying task index 0
[debug] [2026-03-13T21:21:28.637Z] Checked if tokens are valid: true, expires at: 1773440411892
[debug] [2026-03-13T21:21:28.637Z] Checked if tokens are valid: true, expires at: 1773440411892
[debug] [2026-03-13T21:21:28.638Z] >>> [apiv2][query] GET https://cloudfunctions.googleapis.com/v2/projects/appacadabra-bee0f/locations/southamerica-east1/operations/operation-1773436850117-64cee717b9c3d-7091657d-d20bb22a [none]
[debug] [2026-03-13T21:21:29.373Z] <<< [apiv2][status] GET https://cloudfunctions.googleapis.com/v2/projects/appacadabra-bee0f/locations/southamerica-east1/operations/operation-1773436850117-64cee717b9c3d-7091657d-d20bb22a 200
[debug] [2026-03-13T21:21:29.374Z] <<< [apiv2][body] GET https://cloudfunctions.googleapis.com/v2/projects/appacadabra-bee0f/locations/southamerica-east1/operations/operation-1773436850117-64cee717b9c3d-7091657d-d20bb22a {"name":"projects/appacadabra-bee0f/locations/southamerica-east1/operations/operation-1773436850117-64cee717b9c3d-7091657d-d20bb22a","metadata":{"@type":"type.googleapis.com/google.cloud.functions.v2.OperationMetadata","createTime":"2026-03-13T21:20:51.237277957Z","target":"projects/appacadabra-bee0f/locations/southamerica-east1/functions/addCredits","verb":"update","cancelRequested":false,"apiVersion":"v2","requestResource":{"@type":"type.googleapis.com/google.cloud.functions.v2.Function","name":"projects/appacadabra-bee0f/locations/southamerica-east1/functions/addCredits","buildConfig":{"runtime":"nodejs22","entryPoint":"addCredits","source":{"storageSource":{"bucket":"gcf-v2-sources-901177243529-southamerica-east1","object":"addCredits/function-source.zip","generation":"1773436851188028"}},"environmentVariables":{"GOOGLE_NODE_RUN_SCRIPTS":""},"dockerRepository":"projects/appacadabra-bee0f/locations/southamerica-east1/repositories/gcf-artifacts","sourceProvenance":{"resolvedStorageSource":{"bucket":"gcf-v2-sources-901177243529-southamerica-east1","object":"addCredits/function-source.zip","generation":"1773357481788441"}},"dockerRegistry":"ARTIFACT_REGISTRY","serviceAccount":"projects/appacadabra-bee0f/serviceAccounts/901177243529-compute@developer.gserviceaccount.com","automaticUpdatePolicy":{}},"serviceConfig":{"service":"projects/appacadabra-bee0f/locations/southamerica-east1/services/addcredits","timeoutSeconds":60,"environmentVariables":{"FIREBASE_CONFIG":"{\"projectId\":\"appacadabra-bee0f\",\"storageBucket\":\"appacadabra-bee0f.firebasestorage.app\"}","GCLOUD_PROJECT":"appacadabra-bee0f","EVENTARC_CLOUD_EVENT_SOURCE":"projects/appacadabra-bee0f/locations/southamerica-east1/services/addCredits","FUNCTION_TARGET":"addCredits","LOG_EXECUTION_ID":"true","FUNCTION_SIGNATURE_TYPE":"http"},"ingressSettings":"ALLOW_ALL","uri":"https://addcredits-vuv5axgmbq-rj.a.run.app","serviceAccountEmail":"901177243529-compute@developer.gserviceaccount.com","availableMemory":"256Mi","allTrafficOnLatestRevision":true,"revision":"addcredits-00072-sog","maxInstanceRequestConcurrency":80,"availableCpu":"1"},"state":"ACTIVE","labels":{"deployment-tool":"cli-firebase","deployment-callable":"true","firebase-functions-hash":"61b22a204447c9c732a614aeb093c8381a110d07"},"environment":"GEN_2","url":"https://southamerica-east1-appacadabra-bee0f.cloudfunctions.net/addCredits","satisfiesPzs":true,"satisfiesPzi":true},"stages":[{"name":"BUILD","message":"Build in progress","state":"IN_PROGRESS","resource":"projects/901177243529/locations/southamerica-east1/builds/0eae158a-d55a-4adb-9a17-2917113fe0f5","resourceUri":"https://console.cloud.google.com/cloud-build/builds;region=southamerica-east1/0eae158a-d55a-4adb-9a17-2917113fe0f5?project=901177243529"},{"name":"SERVICE","state":"NOT_STARTED"}],"operationType":"UPDATE_FUNCTION","buildName":"projects/901177243529/locations/southamerica-east1/builds/0eae158a-d55a-4adb-9a17-2917113fe0f5"},"done":false}
[debug] [2026-03-13T21:21:30.424Z] [update-default-southamerica-east1-uploadMedia] Retrying task index 0
[debug] [2026-03-13T21:21:30.426Z] Checked if tokens are valid: true, expires at: 1773440411892
[debug] [2026-03-13T21:21:30.427Z] Checked if tokens are valid: true, expires at: 1773440411892
[debug] [2026-03-13T21:21:30.427Z] >>> [apiv2][query] GET https://cloudfunctions.googleapis.com/v2/projects/appacadabra-bee0f/locations/southamerica-east1/operations/operation-1773436849978-64cee71797cbc-7102a3b4-2187735c [none]
[debug] [2026-03-13T21:21:30.917Z] <<< [apiv2][status] GET https://cloudfunctions.googleapis.com/v2/projects/appacadabra-bee0f/locations/southamerica-east1/operations/operation-1773436849978-64cee71797cbc-7102a3b4-2187735c 200
[debug] [2026-03-13T21:21:30.918Z] <<< [apiv2][body] GET https://cloudfunctions.googleapis.com/v2/projects/appacadabra-bee0f/locations/southamerica-east1/operations/operation-1773436849978-64cee71797cbc-7102a3b4-2187735c {"name":"projects/appacadabra-bee0f/locations/southamerica-east1/operations/operation-1773436849978-64cee71797cbc-7102a3b4-2187735c","metadata":{"@type":"type.googleapis.com/google.cloud.functions.v2.OperationMetadata","createTime":"2026-03-13T21:20:51.202791708Z","target":"projects/appacadabra-bee0f/locations/southamerica-east1/functions/uploadMedia","verb":"update","cancelRequested":false,"apiVersion":"v2","requestResource":{"@type":"type.googleapis.com/google.cloud.functions.v2.Function","name":"projects/appacadabra-bee0f/locations/southamerica-east1/functions/uploadMedia","buildConfig":{"runtime":"nodejs22","entryPoint":"uploadMedia","source":{"storageSource":{"bucket":"gcf-v2-sources-901177243529-southamerica-east1","object":"uploadMedia/function-source.zip","generation":"1773436851155541"}},"environmentVariables":{"GOOGLE_NODE_RUN_SCRIPTS":""},"dockerRepository":"projects/appacadabra-bee0f/locations/southamerica-east1/repositories/gcf-artifacts","sourceProvenance":{"resolvedStorageSource":{"bucket":"gcf-v2-sources-901177243529-southamerica-east1","object":"uploadMedia/function-source.zip","generation":"1773357388947581"}},"dockerRegistry":"ARTIFACT_REGISTRY","serviceAccount":"projects/appacadabra-bee0f/serviceAccounts/901177243529-compute@developer.gserviceaccount.com","automaticUpdatePolicy":{}},"serviceConfig":{"service":"projects/appacadabra-bee0f/locations/southamerica-east1/services/uploadmedia","timeoutSeconds":300,"environmentVariables":{"FIREBASE_CONFIG":"{\"projectId\":\"appacadabra-bee0f\",\"storageBucket\":\"appacadabra-bee0f.firebasestorage.app\"}","GCLOUD_PROJECT":"appacadabra-bee0f","EVENTARC_CLOUD_EVENT_SOURCE":"projects/appacadabra-bee0f/locations/southamerica-east1/services/uploadMedia","FUNCTION_TARGET":"uploadMedia","LOG_EXECUTION_ID":"true"},"ingressSettings":"ALLOW_ALL","uri":"https://uploadmedia-vuv5axgmbq-rj.a.run.app","serviceAccountEmail":"901177243529-compute@developer.gserviceaccount.com","availableMemory":"1024Mi","allTrafficOnLatestRevision":true,"revision":"uploadmedia-00010-fey","maxInstanceRequestConcurrency":80,"availableCpu":"1"},"state":"ACTIVE","labels":{"deployment-tool":"cli-firebase","deployment-callable":"true","firebase-functions-hash":"61b22a204447c9c732a614aeb093c8381a110d07"},"environment":"GEN_2","url":"https://southamerica-east1-appacadabra-bee0f.cloudfunctions.net/uploadMedia","satisfiesPzs":true,"satisfiesPzi":true},"stages":[{"name":"BUILD","message":"Build in progress","state":"IN_PROGRESS","resource":"projects/901177243529/locations/southamerica-east1/builds/85d13dec-eeb7-46a3-a941-3a30b4b77ead","resourceUri":"https://console.cloud.google.com/cloud-build/builds;region=southamerica-east1/85d13dec-eeb7-46a3-a941-3a30b4b77ead?project=901177243529"},{"name":"SERVICE","state":"NOT_STARTED"}],"operationType":"UPDATE_FUNCTION","buildName":"projects/901177243529/locations/southamerica-east1/builds/85d13dec-eeb7-46a3-a941-3a30b4b77ead"},"done":false}
[debug] [2026-03-13T21:21:31.333Z] [update-default-southamerica-east1-generateSpell] Retrying task index 0
[debug] [2026-03-13T21:21:31.333Z] Checked if tokens are valid: true, expires at: 1773440411892
[debug] [2026-03-13T21:21:31.333Z] Checked if tokens are valid: true, expires at: 1773440411892
[debug] [2026-03-13T21:21:31.334Z] >>> [apiv2][query] GET https://cloudfunctions.googleapis.com/v2/projects/appacadabra-bee0f/locations/southamerica-east1/operations/operation-1773436850115-64cee717b91c1-7e6a927a-282474f6 [none]
[debug] [2026-03-13T21:21:31.742Z] <<< [apiv2][status] GET https://cloudfunctions.googleapis.com/v2/projects/appacadabra-bee0f/locations/southamerica-east1/operations/operation-1773436850115-64cee717b91c1-7e6a927a-282474f6 200
[debug] [2026-03-13T21:21:31.742Z] <<< [apiv2][body] GET https://cloudfunctions.googleapis.com/v2/projects/appacadabra-bee0f/locations/southamerica-east1/operations/operation-1773436850115-64cee717b91c1-7e6a927a-282474f6 {"name":"projects/appacadabra-bee0f/locations/southamerica-east1/operations/operation-1773436850115-64cee717b91c1-7e6a927a-282474f6","metadata":{"@type":"type.googleapis.com/google.cloud.functions.v2.OperationMetadata","createTime":"2026-03-13T21:20:51.210509536Z","target":"projects/appacadabra-bee0f/locations/southamerica-east1/functions/generateSpell","verb":"update","cancelRequested":false,"apiVersion":"v2","requestResource":{"@type":"type.googleapis.com/google.cloud.functions.v2.Function","name":"projects/appacadabra-bee0f/locations/southamerica-east1/functions/generateSpell","buildConfig":{"runtime":"nodejs22","entryPoint":"generateSpell","source":{"storageSource":{"bucket":"gcf-v2-sources-901177243529-southamerica-east1","object":"generateSpell/function-source.zip","generation":"1773436851164542"}},"environmentVariables":{"GOOGLE_NODE_RUN_SCRIPTS":""},"dockerRepository":"projects/appacadabra-bee0f/locations/southamerica-east1/repositories/gcf-artifacts","sourceProvenance":{"resolvedStorageSource":{"bucket":"gcf-v2-sources-901177243529-southamerica-east1","object":"generateSpell/function-source.zip","generation":"1773357388897582"}},"dockerRegistry":"ARTIFACT_REGISTRY","serviceAccount":"projects/appacadabra-bee0f/serviceAccounts/901177243529-compute@developer.gserviceaccount.com","automaticUpdatePolicy":{}},"serviceConfig":{"service":"projects/appacadabra-bee0f/locations/southamerica-east1/services/generatespell","timeoutSeconds":300,"environmentVariables":{"FIREBASE_CONFIG":"{\"projectId\":\"appacadabra-bee0f\",\"storageBucket\":\"appacadabra-bee0f.firebasestorage.app\"}","GCLOUD_PROJECT":"appacadabra-bee0f","EVENTARC_CLOUD_EVENT_SOURCE":"projects/appacadabra-bee0f/locations/southamerica-east1/services/generateSpell","FUNCTION_TARGET":"generateSpell","LOG_EXECUTION_ID":"true"},"ingressSettings":"ALLOW_ALL","uri":"https://generatespell-vuv5axgmbq-rj.a.run.app","serviceAccountEmail":"901177243529-compute@developer.gserviceaccount.com","availableMemory":"512Mi","allTrafficOnLatestRevision":true,"secretEnvironmentVariables":[{"key":"GEMINI_API_KEY","projectId":"appacadabra-bee0f","secret":"GEMINI_API_KEY","version":"2"}],"revision":"generatespell-00072-pul","maxInstanceRequestConcurrency":80,"availableCpu":"1"},"state":"ACTIVE","labels":{"deployment-tool":"cli-firebase","deployment-callable":"true","firebase-functions-hash":"1232314584414664f366e06b24d36300fc9f3097"},"environment":"GEN_2","url":"https://southamerica-east1-appacadabra-bee0f.cloudfunctions.net/generateSpell","satisfiesPzs":true,"satisfiesPzi":true},"stages":[{"name":"BUILD","message":"Build in progress","state":"IN_PROGRESS","resource":"projects/901177243529/locations/southamerica-east1/builds/bfe1703b-ab78-44b4-82f8-339f2e865d5f","resourceUri":"https://console.cloud.google.com/cloud-build/builds;region=southamerica-east1/bfe1703b-ab78-44b4-82f8-339f2e865d5f?project=901177243529"},{"name":"SERVICE","state":"NOT_STARTED"}],"operationType":"UPDATE_FUNCTION","buildName":"projects/901177243529/locations/southamerica-east1/builds/bfe1703b-ab78-44b4-82f8-339f2e865d5f"},"done":false}
[debug] [2026-03-13T21:21:39.395Z] [update-default-southamerica-east1-addCredits] Retrying task index 0
[debug] [2026-03-13T21:21:39.396Z] Checked if tokens are valid: true, expires at: 1773440411892
[debug] [2026-03-13T21:21:39.396Z] Checked if tokens are valid: true, expires at: 1773440411892
[debug] [2026-03-13T21:21:39.396Z] >>> [apiv2][query] GET https://cloudfunctions.googleapis.com/v2/projects/appacadabra-bee0f/locations/southamerica-east1/operations/operation-1773436850117-64cee717b9c3d-7091657d-d20bb22a [none]
[debug] [2026-03-13T21:21:40.033Z] <<< [apiv2][status] GET https://cloudfunctions.googleapis.com/v2/projects/appacadabra-bee0f/locations/southamerica-east1/operations/operation-1773436850117-64cee717b9c3d-7091657d-d20bb22a 200
[debug] [2026-03-13T21:21:40.033Z] <<< [apiv2][body] GET https://cloudfunctions.googleapis.com/v2/projects/appacadabra-bee0f/locations/southamerica-east1/operations/operation-1773436850117-64cee717b9c3d-7091657d-d20bb22a {"name":"projects/appacadabra-bee0f/locations/southamerica-east1/operations/operation-1773436850117-64cee717b9c3d-7091657d-d20bb22a","metadata":{"@type":"type.googleapis.com/google.cloud.functions.v2.OperationMetadata","createTime":"2026-03-13T21:20:51.237277957Z","target":"projects/appacadabra-bee0f/locations/southamerica-east1/functions/addCredits","verb":"update","cancelRequested":false,"apiVersion":"v2","requestResource":{"@type":"type.googleapis.com/google.cloud.functions.v2.Function","name":"projects/appacadabra-bee0f/locations/southamerica-east1/functions/addCredits","buildConfig":{"runtime":"nodejs22","entryPoint":"addCredits","source":{"storageSource":{"bucket":"gcf-v2-sources-901177243529-southamerica-east1","object":"addCredits/function-source.zip","generation":"1773436851188028"}},"environmentVariables":{"GOOGLE_NODE_RUN_SCRIPTS":""},"dockerRepository":"projects/appacadabra-bee0f/locations/southamerica-east1/repositories/gcf-artifacts","sourceProvenance":{"resolvedStorageSource":{"bucket":"gcf-v2-sources-901177243529-southamerica-east1","object":"addCredits/function-source.zip","generation":"1773357481788441"}},"dockerRegistry":"ARTIFACT_REGISTRY","serviceAccount":"projects/appacadabra-bee0f/serviceAccounts/901177243529-compute@developer.gserviceaccount.com","automaticUpdatePolicy":{}},"serviceConfig":{"service":"projects/appacadabra-bee0f/locations/southamerica-east1/services/addcredits","timeoutSeconds":60,"environmentVariables":{"FIREBASE_CONFIG":"{\"projectId\":\"appacadabra-bee0f\",\"storageBucket\":\"appacadabra-bee0f.firebasestorage.app\"}","GCLOUD_PROJECT":"appacadabra-bee0f","EVENTARC_CLOUD_EVENT_SOURCE":"projects/appacadabra-bee0f/locations/southamerica-east1/services/addCredits","FUNCTION_TARGET":"addCredits","LOG_EXECUTION_ID":"true","FUNCTION_SIGNATURE_TYPE":"http"},"ingressSettings":"ALLOW_ALL","uri":"https://addcredits-vuv5axgmbq-rj.a.run.app","serviceAccountEmail":"901177243529-compute@developer.gserviceaccount.com","availableMemory":"256Mi","allTrafficOnLatestRevision":true,"revision":"addcredits-00072-sog","maxInstanceRequestConcurrency":80,"availableCpu":"1"},"state":"ACTIVE","labels":{"deployment-tool":"cli-firebase","deployment-callable":"true","firebase-functions-hash":"61b22a204447c9c732a614aeb093c8381a110d07"},"environment":"GEN_2","url":"https://southamerica-east1-appacadabra-bee0f.cloudfunctions.net/addCredits","satisfiesPzs":true,"satisfiesPzi":true},"stages":[{"name":"BUILD","message":"Build in progress","state":"IN_PROGRESS","resource":"projects/901177243529/locations/southamerica-east1/builds/0eae158a-d55a-4adb-9a17-2917113fe0f5","resourceUri":"https://console.cloud.google.com/cloud-build/builds;region=southamerica-east1/0eae158a-d55a-4adb-9a17-2917113fe0f5?project=901177243529"},{"name":"SERVICE","state":"NOT_STARTED"}],"operationType":"UPDATE_FUNCTION","buildName":"projects/901177243529/locations/southamerica-east1/builds/0eae158a-d55a-4adb-9a17-2917113fe0f5"},"done":false}
[debug] [2026-03-13T21:21:40.941Z] [update-default-southamerica-east1-uploadMedia] Retrying task index 0
[debug] [2026-03-13T21:21:40.942Z] Checked if tokens are valid: true, expires at: 1773440411892
[debug] [2026-03-13T21:21:40.942Z] Checked if tokens are valid: true, expires at: 1773440411892
[debug] [2026-03-13T21:21:40.942Z] >>> [apiv2][query] GET https://cloudfunctions.googleapis.com/v2/projects/appacadabra-bee0f/locations/southamerica-east1/operations/operation-1773436849978-64cee71797cbc-7102a3b4-2187735c [none]
[debug] [2026-03-13T21:21:41.422Z] <<< [apiv2][status] GET https://cloudfunctions.googleapis.com/v2/projects/appacadabra-bee0f/locations/southamerica-east1/operations/operation-1773436849978-64cee71797cbc-7102a3b4-2187735c 200
[debug] [2026-03-13T21:21:41.422Z] <<< [apiv2][body] GET https://cloudfunctions.googleapis.com/v2/projects/appacadabra-bee0f/locations/southamerica-east1/operations/operation-1773436849978-64cee71797cbc-7102a3b4-2187735c {"name":"projects/appacadabra-bee0f/locations/southamerica-east1/operations/operation-1773436849978-64cee71797cbc-7102a3b4-2187735c","metadata":{"@type":"type.googleapis.com/google.cloud.functions.v2.OperationMetadata","createTime":"2026-03-13T21:20:51.202791708Z","target":"projects/appacadabra-bee0f/locations/southamerica-east1/functions/uploadMedia","verb":"update","cancelRequested":false,"apiVersion":"v2","requestResource":{"@type":"type.googleapis.com/google.cloud.functions.v2.Function","name":"projects/appacadabra-bee0f/locations/southamerica-east1/functions/uploadMedia","buildConfig":{"runtime":"nodejs22","entryPoint":"uploadMedia","source":{"storageSource":{"bucket":"gcf-v2-sources-901177243529-southamerica-east1","object":"uploadMedia/function-source.zip","generation":"1773436851155541"}},"environmentVariables":{"GOOGLE_NODE_RUN_SCRIPTS":""},"dockerRepository":"projects/appacadabra-bee0f/locations/southamerica-east1/repositories/gcf-artifacts","sourceProvenance":{"resolvedStorageSource":{"bucket":"gcf-v2-sources-901177243529-southamerica-east1","object":"uploadMedia/function-source.zip","generation":"1773357388947581"}},"dockerRegistry":"ARTIFACT_REGISTRY","serviceAccount":"projects/appacadabra-bee0f/serviceAccounts/901177243529-compute@developer.gserviceaccount.com","automaticUpdatePolicy":{}},"serviceConfig":{"service":"projects/appacadabra-bee0f/locations/southamerica-east1/services/uploadmedia","timeoutSeconds":300,"environmentVariables":{"FIREBASE_CONFIG":"{\"projectId\":\"appacadabra-bee0f\",\"storageBucket\":\"appacadabra-bee0f.firebasestorage.app\"}","GCLOUD_PROJECT":"appacadabra-bee0f","EVENTARC_CLOUD_EVENT_SOURCE":"projects/appacadabra-bee0f/locations/southamerica-east1/services/uploadMedia","FUNCTION_TARGET":"uploadMedia","LOG_EXECUTION_ID":"true"},"ingressSettings":"ALLOW_ALL","uri":"https://uploadmedia-vuv5axgmbq-rj.a.run.app","serviceAccountEmail":"901177243529-compute@developer.gserviceaccount.com","availableMemory":"1024Mi","allTrafficOnLatestRevision":true,"revision":"uploadmedia-00010-fey","maxInstanceRequestConcurrency":80,"availableCpu":"1"},"state":"ACTIVE","labels":{"deployment-tool":"cli-firebase","deployment-callable":"true","firebase-functions-hash":"61b22a204447c9c732a614aeb093c8381a110d07"},"environment":"GEN_2","url":"https://southamerica-east1-appacadabra-bee0f.cloudfunctions.net/uploadMedia","satisfiesPzs":true,"satisfiesPzi":true},"stages":[{"name":"BUILD","message":"Build in progress","state":"IN_PROGRESS","resource":"projects/901177243529/locations/southamerica-east1/builds/85d13dec-eeb7-46a3-a941-3a30b4b77ead","resourceUri":"https://console.cloud.google.com/cloud-build/builds;region=southamerica-east1/85d13dec-eeb7-46a3-a941-3a30b4b77ead?project=901177243529"},{"name":"SERVICE","state":"NOT_STARTED"}],"operationType":"UPDATE_FUNCTION","buildName":"projects/901177243529/locations/southamerica-east1/builds/85d13dec-eeb7-46a3-a941-3a30b4b77ead"},"done":false}
[debug] [2026-03-13T21:21:41.748Z] [update-default-southamerica-east1-generateSpell] Retrying task index 0
[debug] [2026-03-13T21:21:41.749Z] Checked if tokens are valid: true, expires at: 1773440411892
[debug] [2026-03-13T21:21:41.749Z] Checked if tokens are valid: true, expires at: 1773440411892
[debug] [2026-03-13T21:21:41.749Z] >>> [apiv2][query] GET https://cloudfunctions.googleapis.com/v2/projects/appacadabra-bee0f/locations/southamerica-east1/operations/operation-1773436850115-64cee717b91c1-7e6a927a-282474f6 [none]
[debug] [2026-03-13T21:21:42.147Z] <<< [apiv2][status] GET https://cloudfunctions.googleapis.com/v2/projects/appacadabra-bee0f/locations/southamerica-east1/operations/operation-1773436850115-64cee717b91c1-7e6a927a-282474f6 200
[debug] [2026-03-13T21:21:42.147Z] <<< [apiv2][body] GET https://cloudfunctions.googleapis.com/v2/projects/appacadabra-bee0f/locations/southamerica-east1/operations/operation-1773436850115-64cee717b91c1-7e6a927a-282474f6 {"name":"projects/appacadabra-bee0f/locations/southamerica-east1/operations/operation-1773436850115-64cee717b91c1-7e6a927a-282474f6","metadata":{"@type":"type.googleapis.com/google.cloud.functions.v2.OperationMetadata","createTime":"2026-03-13T21:20:51.210509536Z","target":"projects/appacadabra-bee0f/locations/southamerica-east1/functions/generateSpell","verb":"update","cancelRequested":false,"apiVersion":"v2","requestResource":{"@type":"type.googleapis.com/google.cloud.functions.v2.Function","name":"projects/appacadabra-bee0f/locations/southamerica-east1/functions/generateSpell","buildConfig":{"runtime":"nodejs22","entryPoint":"generateSpell","source":{"storageSource":{"bucket":"gcf-v2-sources-901177243529-southamerica-east1","object":"generateSpell/function-source.zip","generation":"1773436851164542"}},"environmentVariables":{"GOOGLE_NODE_RUN_SCRIPTS":""},"dockerRepository":"projects/appacadabra-bee0f/locations/southamerica-east1/repositories/gcf-artifacts","sourceProvenance":{"resolvedStorageSource":{"bucket":"gcf-v2-sources-901177243529-southamerica-east1","object":"generateSpell/function-source.zip","generation":"1773357388897582"}},"dockerRegistry":"ARTIFACT_REGISTRY","serviceAccount":"projects/appacadabra-bee0f/serviceAccounts/901177243529-compute@developer.gserviceaccount.com","automaticUpdatePolicy":{}},"serviceConfig":{"service":"projects/appacadabra-bee0f/locations/southamerica-east1/services/generatespell","timeoutSeconds":300,"environmentVariables":{"FIREBASE_CONFIG":"{\"projectId\":\"appacadabra-bee0f\",\"storageBucket\":\"appacadabra-bee0f.firebasestorage.app\"}","GCLOUD_PROJECT":"appacadabra-bee0f","EVENTARC_CLOUD_EVENT_SOURCE":"projects/appacadabra-bee0f/locations/southamerica-east1/services/generateSpell","FUNCTION_TARGET":"generateSpell","LOG_EXECUTION_ID":"true"},"ingressSettings":"ALLOW_ALL","uri":"https://generatespell-vuv5axgmbq-rj.a.run.app","serviceAccountEmail":"901177243529-compute@developer.gserviceaccount.com","availableMemory":"512Mi","allTrafficOnLatestRevision":true,"secretEnvironmentVariables":[{"key":"GEMINI_API_KEY","projectId":"appacadabra-bee0f","secret":"GEMINI_API_KEY","version":"2"}],"revision":"generatespell-00072-pul","maxInstanceRequestConcurrency":80,"availableCpu":"1"},"state":"ACTIVE","labels":{"deployment-tool":"cli-firebase","deployment-callable":"true","firebase-functions-hash":"1232314584414664f366e06b24d36300fc9f3097"},"environment":"GEN_2","url":"https://southamerica-east1-appacadabra-bee0f.cloudfunctions.net/generateSpell","satisfiesPzs":true,"satisfiesPzi":true},"stages":[{"name":"BUILD","message":"Build in progress","state":"IN_PROGRESS","resource":"projects/901177243529/locations/southamerica-east1/builds/bfe1703b-ab78-44b4-82f8-339f2e865d5f","resourceUri":"https://console.cloud.google.com/cloud-build/builds;region=southamerica-east1/bfe1703b-ab78-44b4-82f8-339f2e865d5f?project=901177243529"},{"name":"SERVICE","state":"NOT_STARTED"}],"operationType":"UPDATE_FUNCTION","buildName":"projects/901177243529/locations/southamerica-east1/builds/bfe1703b-ab78-44b4-82f8-339f2e865d5f"},"done":false}
[debug] [2026-03-13T21:21:50.106Z] [update-default-southamerica-east1-addCredits] Retrying task index 0
[debug] [2026-03-13T21:21:50.107Z] Checked if tokens are valid: true, expires at: 1773440411892
[debug] [2026-03-13T21:21:50.107Z] Checked if tokens are valid: true, expires at: 1773440411892
[debug] [2026-03-13T21:21:50.107Z] >>> [apiv2][query] GET https://cloudfunctions.googleapis.com/v2/projects/appacadabra-bee0f/locations/southamerica-east1/operations/operation-1773436850117-64cee717b9c3d-7091657d-d20bb22a [none]
[debug] [2026-03-13T21:21:51.441Z] [update-default-southamerica-east1-uploadMedia] Retrying task index 0
[debug] [2026-03-13T21:21:51.442Z] Checked if tokens are valid: true, expires at: 1773440411892
[debug] [2026-03-13T21:21:51.442Z] Checked if tokens are valid: true, expires at: 1773440411892
[debug] [2026-03-13T21:21:51.443Z] >>> [apiv2][query] GET https://cloudfunctions.googleapis.com/v2/projects/appacadabra-bee0f/locations/southamerica-east1/operations/operation-1773436849978-64cee71797cbc-7102a3b4-2187735c [none]
[debug] [2026-03-13T21:21:52.240Z] [update-default-southamerica-east1-generateSpell] Retrying task index 0
[debug] [2026-03-13T21:21:52.241Z] Checked if tokens are valid: true, expires at: 1773440411892
[debug] [2026-03-13T21:21:52.241Z] Checked if tokens are valid: true, expires at: 1773440411892
[debug] [2026-03-13T21:21:52.241Z] >>> [apiv2][query] GET https://cloudfunctions.googleapis.com/v2/projects/appacadabra-bee0f/locations/southamerica-east1/operations/operation-1773436850115-64cee717b91c1-7e6a927a-282474f6 [none]
[debug] [2026-03-13T21:21:52.579Z] <<< [apiv2][status] GET https://cloudfunctions.googleapis.com/v2/projects/appacadabra-bee0f/locations/southamerica-east1/operations/operation-1773436850117-64cee717b9c3d-7091657d-d20bb22a 200
[debug] [2026-03-13T21:21:52.580Z] <<< [apiv2][body] GET https://cloudfunctions.googleapis.com/v2/projects/appacadabra-bee0f/locations/southamerica-east1/operations/operation-1773436850117-64cee717b9c3d-7091657d-d20bb22a {"name":"projects/appacadabra-bee0f/locations/southamerica-east1/operations/operation-1773436850117-64cee717b9c3d-7091657d-d20bb22a","metadata":{"@type":"type.googleapis.com/google.cloud.functions.v2.OperationMetadata","createTime":"2026-03-13T21:20:51.237277957Z","target":"projects/appacadabra-bee0f/locations/southamerica-east1/functions/addCredits","verb":"update","cancelRequested":false,"apiVersion":"v2","requestResource":{"@type":"type.googleapis.com/google.cloud.functions.v2.Function","name":"projects/appacadabra-bee0f/locations/southamerica-east1/functions/addCredits","buildConfig":{"runtime":"nodejs22","entryPoint":"addCredits","source":{"storageSource":{"bucket":"gcf-v2-sources-901177243529-southamerica-east1","object":"addCredits/function-source.zip","generation":"1773436851188028"}},"environmentVariables":{"GOOGLE_NODE_RUN_SCRIPTS":""},"dockerRepository":"projects/appacadabra-bee0f/locations/southamerica-east1/repositories/gcf-artifacts","sourceProvenance":{"resolvedStorageSource":{"bucket":"gcf-v2-sources-901177243529-southamerica-east1","object":"addCredits/function-source.zip","generation":"1773357481788441"}},"dockerRegistry":"ARTIFACT_REGISTRY","serviceAccount":"projects/appacadabra-bee0f/serviceAccounts/901177243529-compute@developer.gserviceaccount.com","automaticUpdatePolicy":{}},"serviceConfig":{"service":"projects/appacadabra-bee0f/locations/southamerica-east1/services/addcredits","timeoutSeconds":60,"environmentVariables":{"FIREBASE_CONFIG":"{\"projectId\":\"appacadabra-bee0f\",\"storageBucket\":\"appacadabra-bee0f.firebasestorage.app\"}","GCLOUD_PROJECT":"appacadabra-bee0f","EVENTARC_CLOUD_EVENT_SOURCE":"projects/appacadabra-bee0f/locations/southamerica-east1/services/addCredits","FUNCTION_TARGET":"addCredits","LOG_EXECUTION_ID":"true","FUNCTION_SIGNATURE_TYPE":"http"},"ingressSettings":"ALLOW_ALL","uri":"https://addcredits-vuv5axgmbq-rj.a.run.app","serviceAccountEmail":"901177243529-compute@developer.gserviceaccount.com","availableMemory":"256Mi","allTrafficOnLatestRevision":true,"revision":"addcredits-00072-sog","maxInstanceRequestConcurrency":80,"availableCpu":"1"},"state":"ACTIVE","labels":{"deployment-tool":"cli-firebase","deployment-callable":"true","firebase-functions-hash":"61b22a204447c9c732a614aeb093c8381a110d07"},"environment":"GEN_2","url":"https://southamerica-east1-appacadabra-bee0f.cloudfunctions.net/addCredits","satisfiesPzs":true,"satisfiesPzi":true},"stages":[{"name":"BUILD","message":"Build in progress","state":"IN_PROGRESS","resource":"projects/901177243529/locations/southamerica-east1/builds/0eae158a-d55a-4adb-9a17-2917113fe0f5","resourceUri":"https://console.cloud.google.com/cloud-build/builds;region=southamerica-east1/0eae158a-d55a-4adb-9a17-2917113fe0f5?project=901177243529"},{"name":"SERVICE","state":"NOT_STARTED"}],"operationType":"UPDATE_FUNCTION","buildName":"projects/901177243529/locations/southamerica-east1/builds/0eae158a-d55a-4adb-9a17-2917113fe0f5"},"done":false}
[debug] [2026-03-13T21:21:53.826Z] <<< [apiv2][status] GET https://cloudfunctions.googleapis.com/v2/projects/appacadabra-bee0f/locations/southamerica-east1/operations/operation-1773436849978-64cee71797cbc-7102a3b4-2187735c 200
[debug] [2026-03-13T21:21:53.826Z] <<< [apiv2][body] GET https://cloudfunctions.googleapis.com/v2/projects/appacadabra-bee0f/locations/southamerica-east1/operations/operation-1773436849978-64cee71797cbc-7102a3b4-2187735c {"name":"projects/appacadabra-bee0f/locations/southamerica-east1/operations/operation-1773436849978-64cee71797cbc-7102a3b4-2187735c","metadata":{"@type":"type.googleapis.com/google.cloud.functions.v2.OperationMetadata","createTime":"2026-03-13T21:20:51.202791708Z","target":"projects/appacadabra-bee0f/locations/southamerica-east1/functions/uploadMedia","verb":"update","cancelRequested":false,"apiVersion":"v2","requestResource":{"@type":"type.googleapis.com/google.cloud.functions.v2.Function","name":"projects/appacadabra-bee0f/locations/southamerica-east1/functions/uploadMedia","buildConfig":{"runtime":"nodejs22","entryPoint":"uploadMedia","source":{"storageSource":{"bucket":"gcf-v2-sources-901177243529-southamerica-east1","object":"uploadMedia/function-source.zip","generation":"1773436851155541"}},"environmentVariables":{"GOOGLE_NODE_RUN_SCRIPTS":""},"dockerRepository":"projects/appacadabra-bee0f/locations/southamerica-east1/repositories/gcf-artifacts","sourceProvenance":{"resolvedStorageSource":{"bucket":"gcf-v2-sources-901177243529-southamerica-east1","object":"uploadMedia/function-source.zip","generation":"1773357388947581"}},"dockerRegistry":"ARTIFACT_REGISTRY","serviceAccount":"projects/appacadabra-bee0f/serviceAccounts/901177243529-compute@developer.gserviceaccount.com","automaticUpdatePolicy":{}},"serviceConfig":{"service":"projects/appacadabra-bee0f/locations/southamerica-east1/services/uploadmedia","timeoutSeconds":300,"environmentVariables":{"FIREBASE_CONFIG":"{\"projectId\":\"appacadabra-bee0f\",\"storageBucket\":\"appacadabra-bee0f.firebasestorage.app\"}","GCLOUD_PROJECT":"appacadabra-bee0f","EVENTARC_CLOUD_EVENT_SOURCE":"projects/appacadabra-bee0f/locations/southamerica-east1/services/uploadMedia","FUNCTION_TARGET":"uploadMedia","LOG_EXECUTION_ID":"true"},"ingressSettings":"ALLOW_ALL","uri":"https://uploadmedia-vuv5axgmbq-rj.a.run.app","serviceAccountEmail":"901177243529-compute@developer.gserviceaccount.com","availableMemory":"1024Mi","allTrafficOnLatestRevision":true,"revision":"uploadmedia-00010-fey","maxInstanceRequestConcurrency":80,"availableCpu":"1"},"state":"ACTIVE","labels":{"deployment-tool":"cli-firebase","deployment-callable":"true","firebase-functions-hash":"61b22a204447c9c732a614aeb093c8381a110d07"},"environment":"GEN_2","url":"https://southamerica-east1-appacadabra-bee0f.cloudfunctions.net/uploadMedia","satisfiesPzs":true,"satisfiesPzi":true},"stages":[{"name":"BUILD","message":"Build in progress","state":"IN_PROGRESS","resource":"projects/901177243529/locations/southamerica-east1/builds/85d13dec-eeb7-46a3-a941-3a30b4b77ead","resourceUri":"https://console.cloud.google.com/cloud-build/builds;region=southamerica-east1/85d13dec-eeb7-46a3-a941-3a30b4b77ead?project=901177243529"},{"name":"SERVICE","state":"NOT_STARTED"}],"operationType":"UPDATE_FUNCTION","buildName":"projects/901177243529/locations/southamerica-east1/builds/85d13dec-eeb7-46a3-a941-3a30b4b77ead"},"done":false}
[debug] [2026-03-13T21:21:54.408Z] <<< [apiv2][status] GET https://cloudfunctions.googleapis.com/v2/projects/appacadabra-bee0f/locations/southamerica-east1/operations/operation-1773436850115-64cee717b91c1-7e6a927a-282474f6 200
[debug] [2026-03-13T21:21:54.408Z] <<< [apiv2][body] GET https://cloudfunctions.googleapis.com/v2/projects/appacadabra-bee0f/locations/southamerica-east1/operations/operation-1773436850115-64cee717b91c1-7e6a927a-282474f6 {"name":"projects/appacadabra-bee0f/locations/southamerica-east1/operations/operation-1773436850115-64cee717b91c1-7e6a927a-282474f6","metadata":{"@type":"type.googleapis.com/google.cloud.functions.v2.OperationMetadata","createTime":"2026-03-13T21:20:51.210509536Z","target":"projects/appacadabra-bee0f/locations/southamerica-east1/functions/generateSpell","verb":"update","cancelRequested":false,"apiVersion":"v2","requestResource":{"@type":"type.googleapis.com/google.cloud.functions.v2.Function","name":"projects/appacadabra-bee0f/locations/southamerica-east1/functions/generateSpell","buildConfig":{"runtime":"nodejs22","entryPoint":"generateSpell","source":{"storageSource":{"bucket":"gcf-v2-sources-901177243529-southamerica-east1","object":"generateSpell/function-source.zip","generation":"1773436851164542"}},"environmentVariables":{"GOOGLE_NODE_RUN_SCRIPTS":""},"dockerRepository":"projects/appacadabra-bee0f/locations/southamerica-east1/repositories/gcf-artifacts","sourceProvenance":{"resolvedStorageSource":{"bucket":"gcf-v2-sources-901177243529-southamerica-east1","object":"generateSpell/function-source.zip","generation":"1773357388897582"}},"dockerRegistry":"ARTIFACT_REGISTRY","serviceAccount":"projects/appacadabra-bee0f/serviceAccounts/901177243529-compute@developer.gserviceaccount.com","automaticUpdatePolicy":{}},"serviceConfig":{"service":"projects/appacadabra-bee0f/locations/southamerica-east1/services/generatespell","timeoutSeconds":300,"environmentVariables":{"FIREBASE_CONFIG":"{\"projectId\":\"appacadabra-bee0f\",\"storageBucket\":\"appacadabra-bee0f.firebasestorage.app\"}","GCLOUD_PROJECT":"appacadabra-bee0f","EVENTARC_CLOUD_EVENT_SOURCE":"projects/appacadabra-bee0f/locations/southamerica-east1/services/generateSpell","FUNCTION_TARGET":"generateSpell","LOG_EXECUTION_ID":"true"},"ingressSettings":"ALLOW_ALL","uri":"https://generatespell-vuv5axgmbq-rj.a.run.app","serviceAccountEmail":"901177243529-compute@developer.gserviceaccount.com","availableMemory":"512Mi","allTrafficOnLatestRevision":true,"secretEnvironmentVariables":[{"key":"GEMINI_API_KEY","projectId":"appacadabra-bee0f","secret":"GEMINI_API_KEY","version":"2"}],"revision":"generatespell-00072-pul","maxInstanceRequestConcurrency":80,"availableCpu":"1"},"state":"ACTIVE","labels":{"deployment-tool":"cli-firebase","deployment-callable":"true","firebase-functions-hash":"1232314584414664f366e06b24d36300fc9f3097"},"environment":"GEN_2","url":"https://southamerica-east1-appacadabra-bee0f.cloudfunctions.net/generateSpell","satisfiesPzs":true,"satisfiesPzi":true},"stages":[{"name":"BUILD","message":"Build in progress","state":"IN_PROGRESS","resource":"projects/901177243529/locations/southamerica-east1/builds/bfe1703b-ab78-44b4-82f8-339f2e865d5f","resourceUri":"https://console.cloud.google.com/cloud-build/builds;region=southamerica-east1/bfe1703b-ab78-44b4-82f8-339f2e865d5f?project=901177243529"},{"name":"SERVICE","state":"NOT_STARTED"}],"operationType":"UPDATE_FUNCTION","buildName":"projects/901177243529/locations/southamerica-east1/builds/bfe1703b-ab78-44b4-82f8-339f2e865d5f"},"done":false}
[debug] [2026-03-13T21:22:02.635Z] [update-default-southamerica-east1-addCredits] Retrying task index 0
[debug] [2026-03-13T21:22:02.644Z] Checked if tokens are valid: true, expires at: 1773440411892
[debug] [2026-03-13T21:22:02.645Z] Checked if tokens are valid: true, expires at: 1773440411892
[debug] [2026-03-13T21:22:02.645Z] >>> [apiv2][query] GET https://cloudfunctions.googleapis.com/v2/projects/appacadabra-bee0f/locations/southamerica-east1/operations/operation-1773436850117-64cee717b9c3d-7091657d-d20bb22a [none]
[debug] [2026-03-13T21:22:03.861Z] [update-default-southamerica-east1-uploadMedia] Retrying task index 0
[debug] [2026-03-13T21:22:03.862Z] Checked if tokens are valid: true, expires at: 1773440411892
[debug] [2026-03-13T21:22:03.862Z] Checked if tokens are valid: true, expires at: 1773440411892
[debug] [2026-03-13T21:22:03.862Z] >>> [apiv2][query] GET https://cloudfunctions.googleapis.com/v2/projects/appacadabra-bee0f/locations/southamerica-east1/operations/operation-1773436849978-64cee71797cbc-7102a3b4-2187735c [none]
[debug] [2026-03-13T21:22:04.497Z] [update-default-southamerica-east1-generateSpell] Retrying task index 0
[debug] [2026-03-13T21:22:04.497Z] Checked if tokens are valid: true, expires at: 1773440411892
[debug] [2026-03-13T21:22:04.498Z] Checked if tokens are valid: true, expires at: 1773440411892
[debug] [2026-03-13T21:22:04.498Z] >>> [apiv2][query] GET https://cloudfunctions.googleapis.com/v2/projects/appacadabra-bee0f/locations/southamerica-east1/operations/operation-1773436850115-64cee717b91c1-7e6a927a-282474f6 [none]
[debug] [2026-03-13T21:22:12.806Z] *** [apiv2] error from fetch(https://cloudfunctions.googleapis.com/v2/projects/appacadabra-bee0f/locations/southamerica-east1/operations/operation-1773436850117-64cee717b9c3d-7091657d-d20bb22a, {"headers":{},"method":"GET"}): FetchError: request to https://cloudfunctions.googleapis.com/v2/projects/appacadabra-bee0f/locations/southamerica-east1/operations/operation-1773436850117-64cee717b9c3d-7091657d-d20bb22a failed, reason: Client network socket disconnected before secure TLS connection was established
[debug] [2026-03-13T21:22:13.134Z] <<< [apiv2][status] GET https://cloudfunctions.googleapis.com/v2/projects/appacadabra-bee0f/locations/southamerica-east1/operations/operation-1773436850115-64cee717b91c1-7e6a927a-282474f6 200
[debug] [2026-03-13T21:22:13.134Z] <<< [apiv2][body] GET https://cloudfunctions.googleapis.com/v2/projects/appacadabra-bee0f/locations/southamerica-east1/operations/operation-1773436850115-64cee717b91c1-7e6a927a-282474f6 {"name":"projects/appacadabra-bee0f/locations/southamerica-east1/operations/operation-1773436850115-64cee717b91c1-7e6a927a-282474f6","metadata":{"@type":"type.googleapis.com/google.cloud.functions.v2.OperationMetadata","createTime":"2026-03-13T21:20:51.210509536Z","target":"projects/appacadabra-bee0f/locations/southamerica-east1/functions/generateSpell","verb":"update","cancelRequested":false,"apiVersion":"v2","requestResource":{"@type":"type.googleapis.com/google.cloud.functions.v2.Function","name":"projects/appacadabra-bee0f/locations/southamerica-east1/functions/generateSpell","buildConfig":{"runtime":"nodejs22","entryPoint":"generateSpell","source":{"storageSource":{"bucket":"gcf-v2-sources-901177243529-southamerica-east1","object":"generateSpell/function-source.zip","generation":"1773436851164542"}},"environmentVariables":{"GOOGLE_NODE_RUN_SCRIPTS":""},"dockerRepository":"projects/appacadabra-bee0f/locations/southamerica-east1/repositories/gcf-artifacts","sourceProvenance":{"resolvedStorageSource":{"bucket":"gcf-v2-sources-901177243529-southamerica-east1","object":"generateSpell/function-source.zip","generation":"1773357388897582"}},"dockerRegistry":"ARTIFACT_REGISTRY","serviceAccount":"projects/appacadabra-bee0f/serviceAccounts/901177243529-compute@developer.gserviceaccount.com","automaticUpdatePolicy":{}},"serviceConfig":{"service":"projects/appacadabra-bee0f/locations/southamerica-east1/services/generatespell","timeoutSeconds":300,"environmentVariables":{"FIREBASE_CONFIG":"{\"projectId\":\"appacadabra-bee0f\",\"storageBucket\":\"appacadabra-bee0f.firebasestorage.app\"}","GCLOUD_PROJECT":"appacadabra-bee0f","EVENTARC_CLOUD_EVENT_SOURCE":"projects/appacadabra-bee0f/locations/southamerica-east1/services/generateSpell","FUNCTION_TARGET":"generateSpell","LOG_EXECUTION_ID":"true"},"ingressSettings":"ALLOW_ALL","uri":"https://generatespell-vuv5axgmbq-rj.a.run.app","serviceAccountEmail":"901177243529-compute@developer.gserviceaccount.com","availableMemory":"512Mi","allTrafficOnLatestRevision":true,"secretEnvironmentVariables":[{"key":"GEMINI_API_KEY","projectId":"appacadabra-bee0f","secret":"GEMINI_API_KEY","version":"2"}],"revision":"generatespell-00072-pul","maxInstanceRequestConcurrency":80,"availableCpu":"1"},"state":"ACTIVE","labels":{"deployment-tool":"cli-firebase","deployment-callable":"true","firebase-functions-hash":"1232314584414664f366e06b24d36300fc9f3097"},"environment":"GEN_2","url":"https://southamerica-east1-appacadabra-bee0f.cloudfunctions.net/generateSpell","satisfiesPzs":true,"satisfiesPzi":true},"stages":[{"name":"BUILD","message":"Build in progress","state":"IN_PROGRESS","resource":"projects/901177243529/locations/southamerica-east1/builds/bfe1703b-ab78-44b4-82f8-339f2e865d5f","resourceUri":"https://console.cloud.google.com/cloud-build/builds;region=southamerica-east1/bfe1703b-ab78-44b4-82f8-339f2e865d5f?project=901177243529"},{"name":"SERVICE","state":"NOT_STARTED"}],"operationType":"UPDATE_FUNCTION","buildName":"projects/901177243529/locations/southamerica-east1/builds/bfe1703b-ab78-44b4-82f8-339f2e865d5f"},"done":false}
[debug] [2026-03-13T21:22:14.895Z] *** [apiv2] error from fetch(https://cloudfunctions.googleapis.com/v2/projects/appacadabra-bee0f/locations/southamerica-east1/operations/operation-1773436849978-64cee71797cbc-7102a3b4-2187735c, {"headers":{},"method":"GET"}): FetchError: request to https://cloudfunctions.googleapis.com/v2/projects/appacadabra-bee0f/locations/southamerica-east1/operations/operation-1773436849978-64cee71797cbc-7102a3b4-2187735c failed, reason: Client network socket disconnected before secure TLS connection was established
[debug] [2026-03-13T21:22:22.813Z] [update-default-southamerica-east1-addCredits] Retrying task index 0
[debug] [2026-03-13T21:22:22.814Z] Checked if tokens are valid: true, expires at: 1773440411892
[debug] [2026-03-13T21:22:22.814Z] Checked if tokens are valid: true, expires at: 1773440411892
[debug] [2026-03-13T21:22:22.814Z] >>> [apiv2][query] GET https://cloudfunctions.googleapis.com/v2/projects/appacadabra-bee0f/locations/southamerica-east1/operations/operation-1773436850117-64cee717b9c3d-7091657d-d20bb22a [none]
[debug] [2026-03-13T21:22:23.140Z] [update-default-southamerica-east1-generateSpell] Retrying task index 0
[debug] [2026-03-13T21:22:23.140Z] Checked if tokens are valid: true, expires at: 1773440411892
[debug] [2026-03-13T21:22:23.140Z] Checked if tokens are valid: true, expires at: 1773440411892
[debug] [2026-03-13T21:22:23.140Z] >>> [apiv2][query] GET https://cloudfunctions.googleapis.com/v2/projects/appacadabra-bee0f/locations/southamerica-east1/operations/operation-1773436850115-64cee717b91c1-7e6a927a-282474f6 [none]
[debug] [2026-03-13T21:22:24.900Z] [update-default-southamerica-east1-uploadMedia] Retrying task index 0
[debug] [2026-03-13T21:22:24.900Z] Checked if tokens are valid: true, expires at: 1773440411892
[debug] [2026-03-13T21:22:24.900Z] Checked if tokens are valid: true, expires at: 1773440411892
[debug] [2026-03-13T21:22:24.900Z] >>> [apiv2][query] GET https://cloudfunctions.googleapis.com/v2/projects/appacadabra-bee0f/locations/southamerica-east1/operations/operation-1773436849978-64cee71797cbc-7102a3b4-2187735c [none]
[debug] [2026-03-13T21:22:31.305Z] <<< [apiv2][status] GET https://cloudfunctions.googleapis.com/v2/projects/appacadabra-bee0f/locations/southamerica-east1/operations/operation-1773436850117-64cee717b9c3d-7091657d-d20bb22a 200
[debug] [2026-03-13T21:22:31.305Z] <<< [apiv2][body] GET https://cloudfunctions.googleapis.com/v2/projects/appacadabra-bee0f/locations/southamerica-east1/operations/operation-1773436850117-64cee717b9c3d-7091657d-d20bb22a {"name":"projects/appacadabra-bee0f/locations/southamerica-east1/operations/operation-1773436850117-64cee717b9c3d-7091657d-d20bb22a","metadata":{"@type":"type.googleapis.com/google.cloud.functions.v2.OperationMetadata","createTime":"2026-03-13T21:20:51.237277957Z","target":"projects/appacadabra-bee0f/locations/southamerica-east1/functions/addCredits","verb":"update","cancelRequested":false,"apiVersion":"v2","requestResource":{"@type":"type.googleapis.com/google.cloud.functions.v2.Function","name":"projects/appacadabra-bee0f/locations/southamerica-east1/functions/addCredits","buildConfig":{"runtime":"nodejs22","entryPoint":"addCredits","source":{"storageSource":{"bucket":"gcf-v2-sources-901177243529-southamerica-east1","object":"addCredits/function-source.zip","generation":"1773436851188028"}},"environmentVariables":{"GOOGLE_NODE_RUN_SCRIPTS":""},"dockerRepository":"projects/appacadabra-bee0f/locations/southamerica-east1/repositories/gcf-artifacts","sourceProvenance":{"resolvedStorageSource":{"bucket":"gcf-v2-sources-901177243529-southamerica-east1","object":"addCredits/function-source.zip","generation":"1773357481788441"}},"dockerRegistry":"ARTIFACT_REGISTRY","serviceAccount":"projects/appacadabra-bee0f/serviceAccounts/901177243529-compute@developer.gserviceaccount.com","automaticUpdatePolicy":{}},"serviceConfig":{"service":"projects/appacadabra-bee0f/locations/southamerica-east1/services/addcredits","timeoutSeconds":60,"environmentVariables":{"FIREBASE_CONFIG":"{\"projectId\":\"appacadabra-bee0f\",\"storageBucket\":\"appacadabra-bee0f.firebasestorage.app\"}","GCLOUD_PROJECT":"appacadabra-bee0f","EVENTARC_CLOUD_EVENT_SOURCE":"projects/appacadabra-bee0f/locations/southamerica-east1/services/addCredits","FUNCTION_TARGET":"addCredits","LOG_EXECUTION_ID":"true","FUNCTION_SIGNATURE_TYPE":"http"},"ingressSettings":"ALLOW_ALL","uri":"https://addcredits-vuv5axgmbq-rj.a.run.app","serviceAccountEmail":"901177243529-compute@developer.gserviceaccount.com","availableMemory":"256Mi","allTrafficOnLatestRevision":true,"revision":"addcredits-00072-sog","maxInstanceRequestConcurrency":80,"availableCpu":"1"},"state":"ACTIVE","labels":{"deployment-tool":"cli-firebase","deployment-callable":"true","firebase-functions-hash":"61b22a204447c9c732a614aeb093c8381a110d07"},"environment":"GEN_2","url":"https://southamerica-east1-appacadabra-bee0f.cloudfunctions.net/addCredits","satisfiesPzs":true,"satisfiesPzi":true},"stages":[{"name":"BUILD","message":"Build finished","state":"COMPLETE","resource":"projects/901177243529/locations/southamerica-east1/builds/0eae158a-d55a-4adb-9a17-2917113fe0f5","resourceUri":"https://console.cloud.google.com/cloud-build/builds;region=southamerica-east1/0eae158a-d55a-4adb-9a17-2917113fe0f5?project=901177243529"},{"name":"SERVICE","message":"Updating Cloud Run service","state":"IN_PROGRESS","resource":"projects/appacadabra-bee0f/locations/southamerica-east1/services/addcredits","resourceUri":"https://console.cloud.google.com/run/detail/southamerica-east1/addcredits?project=appacadabra-bee0f","stateMessages":[{"severity":"INFO","type":"CloudRunServiceNewRevisionTrafficInfo","message":"A new revision will be deployed serving with 100% traffic."}]}],"sourceToken":"Cl5wcm9qZWN0cy85MDExNzcyNDM1MjkvbG9jYXRpb25zL3NvdXRoYW1lcmljYS1lYXN0MS9idWlsZHMvMGVhZTE1OGEtZDU1YS00YWRiLTlhMTctMjkxNzExM2ZlMGY1EoABc291dGhhbWVyaWNhLWVhc3QxLWRvY2tlci5wa2cuZGV2L2FwcGFjYWRhYnJhLWJlZTBmL2djZi1hcnRpZmFjdHMvYXBwYWNhZGFicmEtLWJlZTBmX19zb3V0aGFtZXJpY2EtLWVhc3QxX19hZGRfY3JlZGl0czp2ZXJzaW9uXzEYie/lkp0aIkxwcm9qZWN0cy9hcHBhY2FkYWJyYS1iZWUwZi9sb2NhdGlvbnMvc291dGhhbWVyaWNhLWVhc3QxL2Z1bmN0aW9ucy9hZGRDcmVkaXRzKgwIhoDSzQYQuIyvsQIyCG5vZGVqczIyOn0KI2djci5pby9nYWUtcnVudGltZXMvbm9kZWpzMjI6c3RhYmxlElZzb3V0aGFtZXJpY2EtZWFzdDEtZG9ja2VyLnBrZy5kZXYvc2VydmVybGVzcy1ydW50aW1lcy9nb29nbGUtMjItZnVsbC9ydW50aW1lcy9ub2RlanMyMkAB","operationType":"UPDATE_FUNCTION","buildName":"projects/901177243529/locations/southamerica-east1/builds/0eae158a-d55a-4adb-9a17-2917113fe0f5"},"done":false}
[debug] [2026-03-13T21:22:31.305Z] Got source token Cl5wcm9qZWN0cy85MDExNzcyNDM1MjkvbG9jYXRpb25zL3NvdXRoYW1lcmljYS1lYXN0MS9idWlsZHMvMGVhZTE1OGEtZDU1YS00YWRiLTlhMTctMjkxNzExM2ZlMGY1EoABc291dGhhbWVyaWNhLWVhc3QxLWRvY2tlci5wa2cuZGV2L2FwcGFjYWRhYnJhLWJlZTBmL2djZi1hcnRpZmFjdHMvYXBwYWNhZGFicmEtLWJlZTBmX19zb3V0aGFtZXJpY2EtLWVhc3QxX19hZGRfY3JlZGl0czp2ZXJzaW9uXzEYie/lkp0aIkxwcm9qZWN0cy9hcHBhY2FkYWJyYS1iZWUwZi9sb2NhdGlvbnMvc291dGhhbWVyaWNhLWVhc3QxL2Z1bmN0aW9ucy9hZGRDcmVkaXRzKgwIhoDSzQYQuIyvsQIyCG5vZGVqczIyOn0KI2djci5pby9nYWUtcnVudGltZXMvbm9kZWpzMjI6c3RhYmxlElZzb3V0aGFtZXJpY2EtZWFzdDEtZG9ja2VyLnBrZy5kZXYvc2VydmVybGVzcy1ydW50aW1lcy9nb29nbGUtMjItZnVsbC9ydW50aW1lcy9ub2RlanMyMkAB for region southamerica-east1
[debug] [2026-03-13T21:22:31.305Z] Checked if tokens are valid: true, expires at: 1773440411892
[debug] [2026-03-13T21:22:31.305Z] Checked if tokens are valid: true, expires at: 1773440411892
[debug] [2026-03-13T21:22:31.306Z] Checked if tokens are valid: true, expires at: 1773440411892
[debug] [2026-03-13T21:22:31.306Z] Checked if tokens are valid: true, expires at: 1773440411892
[debug] [2026-03-13T21:22:31.306Z] Checked if tokens are valid: true, expires at: 1773440411892
[debug] [2026-03-13T21:22:31.306Z] Checked if tokens are valid: true, expires at: 1773440411892
[debug] [2026-03-13T21:22:31.306Z] Checked if tokens are valid: true, expires at: 1773440411892
[debug] [2026-03-13T21:22:31.306Z] Checked if tokens are valid: true, expires at: 1773440411892
[debug] [2026-03-13T21:22:31.306Z] >>> [apiv2][query] PATCH https://cloudfunctions.googleapis.com/v2/projects/appacadabra-bee0f/locations/southamerica-east1/functions/getCredits updateMask=name%2CbuildConfig.runtime%2CbuildConfig.entryPoint%2CbuildConfig.source.storageSource.bucket%2CbuildConfig.source.storageSource.object%2CbuildConfig.environmentVariables%2CbuildConfig.sourceToken%2CserviceConfig.environmentVariables%2CserviceConfig.ingressSettings%2CserviceConfig.timeoutSeconds%2CserviceConfig.serviceAccountEmail%2CserviceConfig.availableMemory%2CserviceConfig.minInstanceCount%2CserviceConfig.maxInstanceCount%2CserviceConfig.maxInstanceRequestConcurrency%2CserviceConfig.availableCpu%2CserviceConfig.vpcConnector%2CserviceConfig.vpcConnectorEgressSettings%2Clabels
[debug] [2026-03-13T21:22:31.306Z] >>> [apiv2][body] PATCH https://cloudfunctions.googleapis.com/v2/projects/appacadabra-bee0f/locations/southamerica-east1/functions/getCredits {"name":"projects/appacadabra-bee0f/locations/southamerica-east1/functions/getCredits","buildConfig":{"runtime":"nodejs22","entryPoint":"getCredits","source":{"storageSource":{"bucket":"gcf-v2-uploads-901177243529.southamerica-east1.cloudfunctions.appspot.com","object":"2f7ee4e8-11de-42b1-a95c-261f5ed86f08.zip"}},"environmentVariables":{"GOOGLE_NODE_RUN_SCRIPTS":""},"sourceToken":"Cl5wcm9qZWN0cy85MDExNzcyNDM1MjkvbG9jYXRpb25zL3NvdXRoYW1lcmljYS1lYXN0MS9idWlsZHMvMGVhZTE1OGEtZDU1YS00YWRiLTlhMTctMjkxNzExM2ZlMGY1EoABc291dGhhbWVyaWNhLWVhc3QxLWRvY2tlci5wa2cuZGV2L2FwcGFjYWRhYnJhLWJlZTBmL2djZi1hcnRpZmFjdHMvYXBwYWNhZGFicmEtLWJlZTBmX19zb3V0aGFtZXJpY2EtLWVhc3QxX19hZGRfY3JlZGl0czp2ZXJzaW9uXzEYie/lkp0aIkxwcm9qZWN0cy9hcHBhY2FkYWJyYS1iZWUwZi9sb2NhdGlvbnMvc291dGhhbWVyaWNhLWVhc3QxL2Z1bmN0aW9ucy9hZGRDcmVkaXRzKgwIhoDSzQYQuIyvsQIyCG5vZGVqczIyOn0KI2djci5pby9nYWUtcnVudGltZXMvbm9kZWpzMjI6c3RhYmxlElZzb3V0aGFtZXJpY2EtZWFzdDEtZG9ja2VyLnBrZy5kZXYvc2VydmVybGVzcy1ydW50aW1lcy9nb29nbGUtMjItZnVsbC9ydW50aW1lcy9ub2RlanMyMkAB"},"serviceConfig":{"environmentVariables":{"FIREBASE_CONFIG":"{\"projectId\":\"appacadabra-bee0f\",\"storageBucket\":\"appacadabra-bee0f.firebasestorage.app\"}","GCLOUD_PROJECT":"appacadabra-bee0f","EVENTARC_CLOUD_EVENT_SOURCE":"projects/appacadabra-bee0f/locations/southamerica-east1/services/getCredits","FUNCTION_TARGET":"getCredits","LOG_EXECUTION_ID":"true","FUNCTION_SIGNATURE_TYPE":"http"},"ingressSettings":null,"timeoutSeconds":null,"serviceAccountEmail":null,"availableMemory":"256Mi","minInstanceCount":null,"maxInstanceCount":null,"maxInstanceRequestConcurrency":80,"availableCpu":"1","vpcConnector":null,"vpcConnectorEgressSettings":null},"labels":{"deployment-tool":"cli-firebase","deployment-callable":"true","firebase-functions-hash":"61b22a204447c9c732a614aeb093c8381a110d07"}}
[debug] [2026-03-13T21:22:31.307Z] >>> [apiv2][query] PATCH https://cloudfunctions.googleapis.com/v2/projects/appacadabra-bee0f/locations/southamerica-east1/functions/suggestSpells updateMask=name%2CbuildConfig.runtime%2CbuildConfig.entryPoint%2CbuildConfig.source.storageSource.bucket%2CbuildConfig.source.storageSource.object%2CbuildConfig.environmentVariables%2CbuildConfig.sourceToken%2CserviceConfig.environmentVariables%2CserviceConfig.secretEnvironmentVariables%2CserviceConfig.ingressSettings%2CserviceConfig.timeoutSeconds%2CserviceConfig.serviceAccountEmail%2CserviceConfig.availableMemory%2CserviceConfig.minInstanceCount%2CserviceConfig.maxInstanceCount%2CserviceConfig.maxInstanceRequestConcurrency%2CserviceConfig.availableCpu%2CserviceConfig.vpcConnector%2CserviceConfig.vpcConnectorEgressSettings%2Clabels
[debug] [2026-03-13T21:22:31.307Z] >>> [apiv2][body] PATCH https://cloudfunctions.googleapis.com/v2/projects/appacadabra-bee0f/locations/southamerica-east1/functions/suggestSpells {"name":"projects/appacadabra-bee0f/locations/southamerica-east1/functions/suggestSpells","buildConfig":{"runtime":"nodejs22","entryPoint":"suggestSpells","source":{"storageSource":{"bucket":"gcf-v2-uploads-901177243529.southamerica-east1.cloudfunctions.appspot.com","object":"2f7ee4e8-11de-42b1-a95c-261f5ed86f08.zip"}},"environmentVariables":{"GOOGLE_NODE_RUN_SCRIPTS":""},"sourceToken":"Cl5wcm9qZWN0cy85MDExNzcyNDM1MjkvbG9jYXRpb25zL3NvdXRoYW1lcmljYS1lYXN0MS9idWlsZHMvMGVhZTE1OGEtZDU1YS00YWRiLTlhMTctMjkxNzExM2ZlMGY1EoABc291dGhhbWVyaWNhLWVhc3QxLWRvY2tlci5wa2cuZGV2L2FwcGFjYWRhYnJhLWJlZTBmL2djZi1hcnRpZmFjdHMvYXBwYWNhZGFicmEtLWJlZTBmX19zb3V0aGFtZXJpY2EtLWVhc3QxX19hZGRfY3JlZGl0czp2ZXJzaW9uXzEYie/lkp0aIkxwcm9qZWN0cy9hcHBhY2FkYWJyYS1iZWUwZi9sb2NhdGlvbnMvc291dGhhbWVyaWNhLWVhc3QxL2Z1bmN0aW9ucy9hZGRDcmVkaXRzKgwIhoDSzQYQuIyvsQIyCG5vZGVqczIyOn0KI2djci5pby9nYWUtcnVudGltZXMvbm9kZWpzMjI6c3RhYmxlElZzb3V0aGFtZXJpY2EtZWFzdDEtZG9ja2VyLnBrZy5kZXYvc2VydmVybGVzcy1ydW50aW1lcy9nb29nbGUtMjItZnVsbC9ydW50aW1lcy9ub2RlanMyMkAB"},"serviceConfig":{"environmentVariables":{"FIREBASE_CONFIG":"{\"projectId\":\"appacadabra-bee0f\",\"storageBucket\":\"appacadabra-bee0f.firebasestorage.app\"}","GCLOUD_PROJECT":"appacadabra-bee0f","EVENTARC_CLOUD_EVENT_SOURCE":"projects/appacadabra-bee0f/locations/southamerica-east1/services/suggestSpells","FUNCTION_TARGET":"suggestSpells","LOG_EXECUTION_ID":"true","FUNCTION_SIGNATURE_TYPE":"http"},"secretEnvironmentVariables":[{"key":"GEMINI_API_KEY","secret":"GEMINI_API_KEY","projectId":"appacadabra-bee0f","version":"2"}],"ingressSettings":null,"timeoutSeconds":null,"serviceAccountEmail":null,"availableMemory":"256Mi","minInstanceCount":null,"maxInstanceCount":null,"maxInstanceRequestConcurrency":80,"availableCpu":"1","vpcConnector":null,"vpcConnectorEgressSettings":null},"labels":{"deployment-tool":"cli-firebase","deployment-callable":"true","firebase-functions-hash":"1232314584414664f366e06b24d36300fc9f3097"}}
[debug] [2026-03-13T21:22:31.309Z] >>> [apiv2][query] PATCH https://cloudfunctions.googleapis.com/v2/projects/appacadabra-bee0f/locations/southamerica-east1/functions/claimInstallBonus updateMask=name%2CbuildConfig.runtime%2CbuildConfig.entryPoint%2CbuildConfig.source.storageSource.bucket%2CbuildConfig.source.storageSource.object%2CbuildConfig.environmentVariables%2CbuildConfig.sourceToken%2CserviceConfig.environmentVariables%2CserviceConfig.ingressSettings%2CserviceConfig.timeoutSeconds%2CserviceConfig.serviceAccountEmail%2CserviceConfig.availableMemory%2CserviceConfig.minInstanceCount%2CserviceConfig.maxInstanceCount%2CserviceConfig.maxInstanceRequestConcurrency%2CserviceConfig.availableCpu%2CserviceConfig.vpcConnector%2CserviceConfig.vpcConnectorEgressSettings%2Clabels
[debug] [2026-03-13T21:22:31.309Z] >>> [apiv2][body] PATCH https://cloudfunctions.googleapis.com/v2/projects/appacadabra-bee0f/locations/southamerica-east1/functions/claimInstallBonus {"name":"projects/appacadabra-bee0f/locations/southamerica-east1/functions/claimInstallBonus","buildConfig":{"runtime":"nodejs22","entryPoint":"claimInstallBonus","source":{"storageSource":{"bucket":"gcf-v2-uploads-901177243529.southamerica-east1.cloudfunctions.appspot.com","object":"2f7ee4e8-11de-42b1-a95c-261f5ed86f08.zip"}},"environmentVariables":{"GOOGLE_NODE_RUN_SCRIPTS":""},"sourceToken":"Cl5wcm9qZWN0cy85MDExNzcyNDM1MjkvbG9jYXRpb25zL3NvdXRoYW1lcmljYS1lYXN0MS9idWlsZHMvMGVhZTE1OGEtZDU1YS00YWRiLTlhMTctMjkxNzExM2ZlMGY1EoABc291dGhhbWVyaWNhLWVhc3QxLWRvY2tlci5wa2cuZGV2L2FwcGFjYWRhYnJhLWJlZTBmL2djZi1hcnRpZmFjdHMvYXBwYWNhZGFicmEtLWJlZTBmX19zb3V0aGFtZXJpY2EtLWVhc3QxX19hZGRfY3JlZGl0czp2ZXJzaW9uXzEYie/lkp0aIkxwcm9qZWN0cy9hcHBhY2FkYWJyYS1iZWUwZi9sb2NhdGlvbnMvc291dGhhbWVyaWNhLWVhc3QxL2Z1bmN0aW9ucy9hZGRDcmVkaXRzKgwIhoDSzQYQuIyvsQIyCG5vZGVqczIyOn0KI2djci5pby9nYWUtcnVudGltZXMvbm9kZWpzMjI6c3RhYmxlElZzb3V0aGFtZXJpY2EtZWFzdDEtZG9ja2VyLnBrZy5kZXYvc2VydmVybGVzcy1ydW50aW1lcy9nb29nbGUtMjItZnVsbC9ydW50aW1lcy9ub2RlanMyMkAB"},"serviceConfig":{"environmentVariables":{"FIREBASE_CONFIG":"{\"projectId\":\"appacadabra-bee0f\",\"storageBucket\":\"appacadabra-bee0f.firebasestorage.app\"}","GCLOUD_PROJECT":"appacadabra-bee0f","EVENTARC_CLOUD_EVENT_SOURCE":"projects/appacadabra-bee0f/locations/southamerica-east1/services/claimInstallBonus","FUNCTION_TARGET":"claimInstallBonus","LOG_EXECUTION_ID":"true","FUNCTION_SIGNATURE_TYPE":"http"},"ingressSettings":null,"timeoutSeconds":null,"serviceAccountEmail":null,"availableMemory":"256Mi","minInstanceCount":null,"maxInstanceCount":null,"maxInstanceRequestConcurrency":80,"availableCpu":"1","vpcConnector":null,"vpcConnectorEgressSettings":null},"labels":{"deployment-tool":"cli-firebase","deployment-callable":"true","firebase-functions-hash":"61b22a204447c9c732a614aeb093c8381a110d07"}}
[debug] [2026-03-13T21:22:31.310Z] >>> [apiv2][query] PATCH https://cloudfunctions.googleapis.com/v2/projects/appacadabra-bee0f/locations/southamerica-east1/functions/estimateManaCost updateMask=name%2CbuildConfig.runtime%2CbuildConfig.entryPoint%2CbuildConfig.source.storageSource.bucket%2CbuildConfig.source.storageSource.object%2CbuildConfig.environmentVariables%2CbuildConfig.sourceToken%2CserviceConfig.environmentVariables%2CserviceConfig.ingressSettings%2CserviceConfig.timeoutSeconds%2CserviceConfig.serviceAccountEmail%2CserviceConfig.availableMemory%2CserviceConfig.minInstanceCount%2CserviceConfig.maxInstanceCount%2CserviceConfig.maxInstanceRequestConcurrency%2CserviceConfig.availableCpu%2CserviceConfig.vpcConnector%2CserviceConfig.vpcConnectorEgressSettings%2Clabels
[debug] [2026-03-13T21:22:31.311Z] >>> [apiv2][body] PATCH https://cloudfunctions.googleapis.com/v2/projects/appacadabra-bee0f/locations/southamerica-east1/functions/estimateManaCost {"name":"projects/appacadabra-bee0f/locations/southamerica-east1/functions/estimateManaCost","buildConfig":{"runtime":"nodejs22","entryPoint":"estimateManaCost","source":{"storageSource":{"bucket":"gcf-v2-uploads-901177243529.southamerica-east1.cloudfunctions.appspot.com","object":"2f7ee4e8-11de-42b1-a95c-261f5ed86f08.zip"}},"environmentVariables":{"GOOGLE_NODE_RUN_SCRIPTS":""},"sourceToken":"Cl5wcm9qZWN0cy85MDExNzcyNDM1MjkvbG9jYXRpb25zL3NvdXRoYW1lcmljYS1lYXN0MS9idWlsZHMvMGVhZTE1OGEtZDU1YS00YWRiLTlhMTctMjkxNzExM2ZlMGY1EoABc291dGhhbWVyaWNhLWVhc3QxLWRvY2tlci5wa2cuZGV2L2FwcGFjYWRhYnJhLWJlZTBmL2djZi1hcnRpZmFjdHMvYXBwYWNhZGFicmEtLWJlZTBmX19zb3V0aGFtZXJpY2EtLWVhc3QxX19hZGRfY3JlZGl0czp2ZXJzaW9uXzEYie/lkp0aIkxwcm9qZWN0cy9hcHBhY2FkYWJyYS1iZWUwZi9sb2NhdGlvbnMvc291dGhhbWVyaWNhLWVhc3QxL2Z1bmN0aW9ucy9hZGRDcmVkaXRzKgwIhoDSzQYQuIyvsQIyCG5vZGVqczIyOn0KI2djci5pby9nYWUtcnVudGltZXMvbm9kZWpzMjI6c3RhYmxlElZzb3V0aGFtZXJpY2EtZWFzdDEtZG9ja2VyLnBrZy5kZXYvc2VydmVybGVzcy1ydW50aW1lcy9nb29nbGUtMjItZnVsbC9ydW50aW1lcy9ub2RlanMyMkAB"},"serviceConfig":{"environmentVariables":{"FIREBASE_CONFIG":"{\"projectId\":\"appacadabra-bee0f\",\"storageBucket\":\"appacadabra-bee0f.firebasestorage.app\"}","GCLOUD_PROJECT":"appacadabra-bee0f","EVENTARC_CLOUD_EVENT_SOURCE":"projects/appacadabra-bee0f/locations/southamerica-east1/services/estimateManaCost","FUNCTION_TARGET":"estimateManaCost","LOG_EXECUTION_ID":"true"},"ingressSettings":null,"timeoutSeconds":null,"serviceAccountEmail":null,"availableMemory":"256Mi","minInstanceCount":null,"maxInstanceCount":null,"maxInstanceRequestConcurrency":80,"availableCpu":"1","vpcConnector":null,"vpcConnectorEgressSettings":null},"labels":{"deployment-tool":"cli-firebase","deployment-callable":"true","firebase-functions-hash":"61b22a204447c9c732a614aeb093c8381a110d07"}}
[debug] [2026-03-13T21:22:33.051Z] <<< [apiv2][status] PATCH https://cloudfunctions.googleapis.com/v2/projects/appacadabra-bee0f/locations/southamerica-east1/functions/getCredits 200
[debug] [2026-03-13T21:22:33.051Z] <<< [apiv2][body] PATCH https://cloudfunctions.googleapis.com/v2/projects/appacadabra-bee0f/locations/southamerica-east1/functions/getCredits {"name":"projects/appacadabra-bee0f/locations/southamerica-east1/operations/operation-1773436952251-64cee77920d75-b9774bc4-5c7a4123","metadata":{"@type":"type.googleapis.com/google.cloud.functions.v2.OperationMetadata","createTime":"2026-03-13T21:22:33.277723030Z","target":"projects/appacadabra-bee0f/locations/southamerica-east1/functions/getCredits","verb":"update","cancelRequested":false,"apiVersion":"v2"},"done":false}
[debug] [2026-03-13T21:22:33.051Z] Checked if tokens are valid: true, expires at: 1773440411892
[debug] [2026-03-13T21:22:33.051Z] Checked if tokens are valid: true, expires at: 1773440411892
[debug] [2026-03-13T21:22:33.051Z] >>> [apiv2][query] GET https://cloudfunctions.googleapis.com/v2/projects/appacadabra-bee0f/locations/southamerica-east1/operations/operation-1773436952251-64cee77920d75-b9774bc4-5c7a4123 [none]
[debug] [2026-03-13T21:22:35.430Z] *** [apiv2] error from fetch(https://cloudfunctions.googleapis.com/v2/projects/appacadabra-bee0f/locations/southamerica-east1/operations/operation-1773436850115-64cee717b91c1-7e6a927a-282474f6, {"headers":{},"method":"GET"}): FetchError: request to https://cloudfunctions.googleapis.com/v2/projects/appacadabra-bee0f/locations/southamerica-east1/operations/operation-1773436850115-64cee717b91c1-7e6a927a-282474f6 failed, reason: Client network socket disconnected before secure TLS connection was established
[debug] [2026-03-13T21:22:36.284Z] <<< [apiv2][status] GET https://cloudfunctions.googleapis.com/v2/projects/appacadabra-bee0f/locations/southamerica-east1/operations/operation-1773436952251-64cee77920d75-b9774bc4-5c7a4123 200
[debug] [2026-03-13T21:22:36.285Z] <<< [apiv2][body] GET https://cloudfunctions.googleapis.com/v2/projects/appacadabra-bee0f/locations/southamerica-east1/operations/operation-1773436952251-64cee77920d75-b9774bc4-5c7a4123 {"name":"projects/appacadabra-bee0f/locations/southamerica-east1/operations/operation-1773436952251-64cee77920d75-b9774bc4-5c7a4123","metadata":{"@type":"type.googleapis.com/google.cloud.functions.v2.OperationMetadata","createTime":"2026-03-13T21:22:33.277723030Z","target":"projects/appacadabra-bee0f/locations/southamerica-east1/functions/getCredits","verb":"update","cancelRequested":false,"apiVersion":"v2","requestResource":{"@type":"type.googleapis.com/google.cloud.functions.v2.Function","name":"projects/appacadabra-bee0f/locations/southamerica-east1/functions/getCredits","buildConfig":{"runtime":"nodejs22","entryPoint":"getCredits","source":{"storageSource":{"bucket":"gcf-v2-sources-901177243529-southamerica-east1","object":"getCredits/function-source.zip","generation":"1773436953234444"}},"environmentVariables":{"GOOGLE_NODE_RUN_SCRIPTS":""},"dockerRepository":"projects/appacadabra-bee0f/locations/southamerica-east1/repositories/gcf-artifacts","sourceProvenance":{"resolvedStorageSource":{"bucket":"gcf-v2-sources-901177243529-southamerica-east1","object":"getCredits/function-source.zip","generation":"1773357481804255"}},"dockerRegistry":"ARTIFACT_REGISTRY","sourceToken":"Cl5wcm9qZWN0cy85MDExNzcyNDM1MjkvbG9jYXRpb25zL3NvdXRoYW1lcmljYS1lYXN0MS9idWlsZHMvMGVhZTE1OGEtZDU1YS00YWRiLTlhMTctMjkxNzExM2ZlMGY1EoABc291dGhhbWVyaWNhLWVhc3QxLWRvY2tlci5wa2cuZGV2L2FwcGFjYWRhYnJhLWJlZTBmL2djZi1hcnRpZmFjdHMvYXBwYWNhZGFicmEtLWJlZTBmX19zb3V0aGFtZXJpY2EtLWVhc3QxX19hZGRfY3JlZGl0czp2ZXJzaW9uXzEYie/lkp0aIkxwcm9qZWN0cy9hcHBhY2FkYWJyYS1iZWUwZi9sb2NhdGlvbnMvc291dGhhbWVyaWNhLWVhc3QxL2Z1bmN0aW9ucy9hZGRDcmVkaXRzKgwIhoDSzQYQuIyvsQIyCG5vZGVqczIyOn0KI2djci5pby9nYWUtcnVudGltZXMvbm9kZWpzMjI6c3RhYmxlElZzb3V0aGFtZXJpY2EtZWFzdDEtZG9ja2VyLnBrZy5kZXYvc2VydmVybGVzcy1ydW50aW1lcy9nb29nbGUtMjItZnVsbC9ydW50aW1lcy9ub2RlanMyMkAB","serviceAccount":"projects/appacadabra-bee0f/serviceAccounts/901177243529-compute@developer.gserviceaccount.com","automaticUpdatePolicy":{}},"serviceConfig":{"service":"projects/appacadabra-bee0f/locations/southamerica-east1/services/getcredits","timeoutSeconds":60,"environmentVariables":{"FIREBASE_CONFIG":"{\"projectId\":\"appacadabra-bee0f\",\"storageBucket\":\"appacadabra-bee0f.firebasestorage.app\"}","GCLOUD_PROJECT":"appacadabra-bee0f","EVENTARC_CLOUD_EVENT_SOURCE":"projects/appacadabra-bee0f/locations/southamerica-east1/services/getCredits","FUNCTION_TARGET":"getCredits","LOG_EXECUTION_ID":"true","FUNCTION_SIGNATURE_TYPE":"http"},"ingressSettings":"ALLOW_ALL","uri":"https://getcredits-vuv5axgmbq-rj.a.run.app","serviceAccountEmail":"901177243529-compute@developer.gserviceaccount.com","availableMemory":"256Mi","allTrafficOnLatestRevision":true,"revision":"getcredits-00072-bom","maxInstanceRequestConcurrency":80,"availableCpu":"1"},"state":"ACTIVE","labels":{"deployment-tool":"cli-firebase","deployment-callable":"true","firebase-functions-hash":"61b22a204447c9c732a614aeb093c8381a110d07"},"environment":"GEN_2","url":"https://southamerica-east1-appacadabra-bee0f.cloudfunctions.net/getCredits","satisfiesPzs":true,"satisfiesPzi":true},"stages":[{"name":"BUILD","message":"Reusing build","state":"COMPLETE","resource":"projects/901177243529/locations/southamerica-east1/builds/0eae158a-d55a-4adb-9a17-2917113fe0f5"},{"name":"SERVICE","message":"Updating Cloud Run service","state":"IN_PROGRESS","resource":"projects/appacadabra-bee0f/locations/southamerica-east1/services/getcredits","resourceUri":"https://console.cloud.google.com/run/detail/southamerica-east1/getcredits?project=appacadabra-bee0f","stateMessages":[{"severity":"INFO","type":"CloudRunServiceNewRevisionTrafficInfo","message":"A new revision will be deployed serving with 100% traffic."}]}],"sourceToken":"Cl5wcm9qZWN0cy85MDExNzcyNDM1MjkvbG9jYXRpb25zL3NvdXRoYW1lcmljYS1lYXN0MS9idWlsZHMvMGVhZTE1OGEtZDU1YS00YWRiLTlhMTctMjkxNzExM2ZlMGY1EoABc291dGhhbWVyaWNhLWVhc3QxLWRvY2tlci5wa2cuZGV2L2FwcGFjYWRhYnJhLWJlZTBmL2djZi1hcnRpZmFjdHMvYXBwYWNhZGFicmEtLWJlZTBmX19zb3V0aGFtZXJpY2EtLWVhc3QxX19hZGRfY3JlZGl0czp2ZXJzaW9uXzEYie/lkp0aIkxwcm9qZWN0cy9hcHBhY2FkYWJyYS1iZWUwZi9sb2NhdGlvbnMvc291dGhhbWVyaWNhLWVhc3QxL2Z1bmN0aW9ucy9hZGRDcmVkaXRzKgwIhoDSzQYQuIyvsQIyCG5vZGVqczIyOn0KI2djci5pby9nYWUtcnVudGltZXMvbm9kZWpzMjI6c3RhYmxlElZzb3V0aGFtZXJpY2EtZWFzdDEtZG9ja2VyLnBrZy5kZXYvc2VydmVybGVzcy1ydW50aW1lcy9nb29nbGUtMjItZnVsbC9ydW50aW1lcy9ub2RlanMyMkAB","operationType":"UPDATE_FUNCTION","buildName":"projects/901177243529/locations/southamerica-east1/builds/0eae158a-d55a-4adb-9a17-2917113fe0f5"},"done":false}
[debug] [2026-03-13T21:22:36.285Z] Got source token Cl5wcm9qZWN0cy85MDExNzcyNDM1MjkvbG9jYXRpb25zL3NvdXRoYW1lcmljYS1lYXN0MS9idWlsZHMvMGVhZTE1OGEtZDU1YS00YWRiLTlhMTctMjkxNzExM2ZlMGY1EoABc291dGhhbWVyaWNhLWVhc3QxLWRvY2tlci5wa2cuZGV2L2FwcGFjYWRhYnJhLWJlZTBmL2djZi1hcnRpZmFjdHMvYXBwYWNhZGFicmEtLWJlZTBmX19zb3V0aGFtZXJpY2EtLWVhc3QxX19hZGRfY3JlZGl0czp2ZXJzaW9uXzEYie/lkp0aIkxwcm9qZWN0cy9hcHBhY2FkYWJyYS1iZWUwZi9sb2NhdGlvbnMvc291dGhhbWVyaWNhLWVhc3QxL2Z1bmN0aW9ucy9hZGRDcmVkaXRzKgwIhoDSzQYQuIyvsQIyCG5vZGVqczIyOn0KI2djci5pby9nYWUtcnVudGltZXMvbm9kZWpzMjI6c3RhYmxlElZzb3V0aGFtZXJpY2EtZWFzdDEtZG9ja2VyLnBrZy5kZXYvc2VydmVybGVzcy1ydW50aW1lcy9nb29nbGUtMjItZnVsbC9ydW50aW1lcy9ub2RlanMyMkAB for region southamerica-east1
[debug] [2026-03-13T21:22:36.797Z] [update-default-southamerica-east1-getCredits] Retrying task index 0
[debug] [2026-03-13T21:22:36.798Z] Checked if tokens are valid: true, expires at: 1773440411892
[debug] [2026-03-13T21:22:36.798Z] Checked if tokens are valid: true, expires at: 1773440411892
[debug] [2026-03-13T21:22:36.798Z] >>> [apiv2][query] GET https://cloudfunctions.googleapis.com/v2/projects/appacadabra-bee0f/locations/southamerica-east1/operations/operation-1773436952251-64cee77920d75-b9774bc4-5c7a4123 [none]
[debug] [2026-03-13T21:22:37.893Z] *** [apiv2] error from fetch(https://cloudfunctions.googleapis.com/v2/projects/appacadabra-bee0f/locations/southamerica-east1/operations/operation-1773436849978-64cee71797cbc-7102a3b4-2187735c, {"headers":{},"method":"GET"}): FetchError: request to https://cloudfunctions.googleapis.com/v2/projects/appacadabra-bee0f/locations/southamerica-east1/operations/operation-1773436849978-64cee71797cbc-7102a3b4-2187735c failed, reason: Client network socket disconnected before secure TLS connection was established
[debug] [2026-03-13T21:22:38.014Z] <<< [apiv2][status] GET https://cloudfunctions.googleapis.com/v2/projects/appacadabra-bee0f/locations/southamerica-east1/operations/operation-1773436952251-64cee77920d75-b9774bc4-5c7a4123 200
[debug] [2026-03-13T21:22:38.014Z] <<< [apiv2][body] GET https://cloudfunctions.googleapis.com/v2/projects/appacadabra-bee0f/locations/southamerica-east1/operations/operation-1773436952251-64cee77920d75-b9774bc4-5c7a4123 {"name":"projects/appacadabra-bee0f/locations/southamerica-east1/operations/operation-1773436952251-64cee77920d75-b9774bc4-5c7a4123","metadata":{"@type":"type.googleapis.com/google.cloud.functions.v2.OperationMetadata","createTime":"2026-03-13T21:22:33.277723030Z","target":"projects/appacadabra-bee0f/locations/southamerica-east1/functions/getCredits","verb":"update","cancelRequested":false,"apiVersion":"v2","requestResource":{"@type":"type.googleapis.com/google.cloud.functions.v2.Function","name":"projects/appacadabra-bee0f/locations/southamerica-east1/functions/getCredits","buildConfig":{"runtime":"nodejs22","entryPoint":"getCredits","source":{"storageSource":{"bucket":"gcf-v2-sources-901177243529-southamerica-east1","object":"getCredits/function-source.zip","generation":"1773436953234444"}},"environmentVariables":{"GOOGLE_NODE_RUN_SCRIPTS":""},"dockerRepository":"projects/appacadabra-bee0f/locations/southamerica-east1/repositories/gcf-artifacts","sourceProvenance":{"resolvedStorageSource":{"bucket":"gcf-v2-sources-901177243529-southamerica-east1","object":"getCredits/function-source.zip","generation":"1773357481804255"}},"dockerRegistry":"ARTIFACT_REGISTRY","sourceToken":"Cl5wcm9qZWN0cy85MDExNzcyNDM1MjkvbG9jYXRpb25zL3NvdXRoYW1lcmljYS1lYXN0MS9idWlsZHMvMGVhZTE1OGEtZDU1YS00YWRiLTlhMTctMjkxNzExM2ZlMGY1EoABc291dGhhbWVyaWNhLWVhc3QxLWRvY2tlci5wa2cuZGV2L2FwcGFjYWRhYnJhLWJlZTBmL2djZi1hcnRpZmFjdHMvYXBwYWNhZGFicmEtLWJlZTBmX19zb3V0aGFtZXJpY2EtLWVhc3QxX19hZGRfY3JlZGl0czp2ZXJzaW9uXzEYie/lkp0aIkxwcm9qZWN0cy9hcHBhY2FkYWJyYS1iZWUwZi9sb2NhdGlvbnMvc291dGhhbWVyaWNhLWVhc3QxL2Z1bmN0aW9ucy9hZGRDcmVkaXRzKgwIhoDSzQYQuIyvsQIyCG5vZGVqczIyOn0KI2djci5pby9nYWUtcnVudGltZXMvbm9kZWpzMjI6c3RhYmxlElZzb3V0aGFtZXJpY2EtZWFzdDEtZG9ja2VyLnBrZy5kZXYvc2VydmVybGVzcy1ydW50aW1lcy9nb29nbGUtMjItZnVsbC9ydW50aW1lcy9ub2RlanMyMkAB","serviceAccount":"projects/appacadabra-bee0f/serviceAccounts/901177243529-compute@developer.gserviceaccount.com","automaticUpdatePolicy":{}},"serviceConfig":{"service":"projects/appacadabra-bee0f/locations/southamerica-east1/services/getcredits","timeoutSeconds":60,"environmentVariables":{"FIREBASE_CONFIG":"{\"projectId\":\"appacadabra-bee0f\",\"storageBucket\":\"appacadabra-bee0f.firebasestorage.app\"}","GCLOUD_PROJECT":"appacadabra-bee0f","EVENTARC_CLOUD_EVENT_SOURCE":"projects/appacadabra-bee0f/locations/southamerica-east1/services/getCredits","FUNCTION_TARGET":"getCredits","LOG_EXECUTION_ID":"true","FUNCTION_SIGNATURE_TYPE":"http"},"ingressSettings":"ALLOW_ALL","uri":"https://getcredits-vuv5axgmbq-rj.a.run.app","serviceAccountEmail":"901177243529-compute@developer.gserviceaccount.com","availableMemory":"256Mi","allTrafficOnLatestRevision":true,"revision":"getcredits-00072-bom","maxInstanceRequestConcurrency":80,"availableCpu":"1"},"state":"ACTIVE","labels":{"deployment-tool":"cli-firebase","deployment-callable":"true","firebase-functions-hash":"61b22a204447c9c732a614aeb093c8381a110d07"},"environment":"GEN_2","url":"https://southamerica-east1-appacadabra-bee0f.cloudfunctions.net/getCredits","satisfiesPzs":true,"satisfiesPzi":true},"stages":[{"name":"BUILD","message":"Reusing build","state":"COMPLETE","resource":"projects/901177243529/locations/southamerica-east1/builds/0eae158a-d55a-4adb-9a17-2917113fe0f5"},{"name":"SERVICE","message":"Updating Cloud Run service","state":"IN_PROGRESS","resource":"projects/appacadabra-bee0f/locations/southamerica-east1/services/getcredits","resourceUri":"https://console.cloud.google.com/run/detail/southamerica-east1/getcredits?project=appacadabra-bee0f","stateMessages":[{"severity":"INFO","type":"CloudRunServiceNewRevisionTrafficInfo","message":"A new revision will be deployed serving with 100% traffic."}]}],"sourceToken":"Cl5wcm9qZWN0cy85MDExNzcyNDM1MjkvbG9jYXRpb25zL3NvdXRoYW1lcmljYS1lYXN0MS9idWlsZHMvMGVhZTE1OGEtZDU1YS00YWRiLTlhMTctMjkxNzExM2ZlMGY1EoABc291dGhhbWVyaWNhLWVhc3QxLWRvY2tlci5wa2cuZGV2L2FwcGFjYWRhYnJhLWJlZTBmL2djZi1hcnRpZmFjdHMvYXBwYWNhZGFicmEtLWJlZTBmX19zb3V0aGFtZXJpY2EtLWVhc3QxX19hZGRfY3JlZGl0czp2ZXJzaW9uXzEYie/lkp0aIkxwcm9qZWN0cy9hcHBhY2FkYWJyYS1iZWUwZi9sb2NhdGlvbnMvc291dGhhbWVyaWNhLWVhc3QxL2Z1bmN0aW9ucy9hZGRDcmVkaXRzKgwIhoDSzQYQuIyvsQIyCG5vZGVqczIyOn0KI2djci5pby9nYWUtcnVudGltZXMvbm9kZWpzMjI6c3RhYmxlElZzb3V0aGFtZXJpY2EtZWFzdDEtZG9ja2VyLnBrZy5kZXYvc2VydmVybGVzcy1ydW50aW1lcy9nb29nbGUtMjItZnVsbC9ydW50aW1lcy9ub2RlanMyMkAB","operationType":"UPDATE_FUNCTION","buildName":"projects/901177243529/locations/southamerica-east1/builds/0eae158a-d55a-4adb-9a17-2917113fe0f5"},"done":false}
[debug] [2026-03-13T21:22:38.015Z] Got source token Cl5wcm9qZWN0cy85MDExNzcyNDM1MjkvbG9jYXRpb25zL3NvdXRoYW1lcmljYS1lYXN0MS9idWlsZHMvMGVhZTE1OGEtZDU1YS00YWRiLTlhMTctMjkxNzExM2ZlMGY1EoABc291dGhhbWVyaWNhLWVhc3QxLWRvY2tlci5wa2cuZGV2L2FwcGFjYWRhYnJhLWJlZTBmL2djZi1hcnRpZmFjdHMvYXBwYWNhZGFicmEtLWJlZTBmX19zb3V0aGFtZXJpY2EtLWVhc3QxX19hZGRfY3JlZGl0czp2ZXJzaW9uXzEYie/lkp0aIkxwcm9qZWN0cy9hcHBhY2FkYWJyYS1iZWUwZi9sb2NhdGlvbnMvc291dGhhbWVyaWNhLWVhc3QxL2Z1bmN0aW9ucy9hZGRDcmVkaXRzKgwIhoDSzQYQuIyvsQIyCG5vZGVqczIyOn0KI2djci5pby9nYWUtcnVudGltZXMvbm9kZWpzMjI6c3RhYmxlElZzb3V0aGFtZXJpY2EtZWFzdDEtZG9ja2VyLnBrZy5kZXYvc2VydmVybGVzcy1ydW50aW1lcy9nb29nbGUtMjItZnVsbC9ydW50aW1lcy9ub2RlanMyMkAB for region southamerica-east1
[debug] [2026-03-13T21:22:38.345Z] <<< [apiv2][status] PATCH https://cloudfunctions.googleapis.com/v2/projects/appacadabra-bee0f/locations/southamerica-east1/functions/claimInstallBonus 200
[debug] [2026-03-13T21:22:38.345Z] <<< [apiv2][body] PATCH https://cloudfunctions.googleapis.com/v2/projects/appacadabra-bee0f/locations/southamerica-east1/functions/claimInstallBonus {"name":"projects/appacadabra-bee0f/locations/southamerica-east1/operations/operation-1773436957563-64cee77e318a1-ed864114-98cf046c","metadata":{"@type":"type.googleapis.com/google.cloud.functions.v2.OperationMetadata","createTime":"2026-03-13T21:22:38.527609838Z","target":"projects/appacadabra-bee0f/locations/southamerica-east1/functions/claimInstallBonus","verb":"update","cancelRequested":false,"apiVersion":"v2"},"done":false}
[debug] [2026-03-13T21:22:38.346Z] Checked if tokens are valid: true, expires at: 1773440411892
[debug] [2026-03-13T21:22:38.346Z] Checked if tokens are valid: true, expires at: 1773440411892
[debug] [2026-03-13T21:22:38.346Z] >>> [apiv2][query] GET https://cloudfunctions.googleapis.com/v2/projects/appacadabra-bee0f/locations/southamerica-east1/operations/operation-1773436957563-64cee77e318a1-ed864114-98cf046c [none]
[debug] [2026-03-13T21:22:38.611Z] <<< [apiv2][status] PATCH https://cloudfunctions.googleapis.com/v2/projects/appacadabra-bee0f/locations/southamerica-east1/functions/estimateManaCost 200
[debug] [2026-03-13T21:22:38.611Z] <<< [apiv2][body] PATCH https://cloudfunctions.googleapis.com/v2/projects/appacadabra-bee0f/locations/southamerica-east1/functions/estimateManaCost {"name":"projects/appacadabra-bee0f/locations/southamerica-east1/operations/operation-1773436957944-64cee77e8ebf8-7136b6f8-0cfbfbf3","metadata":{"@type":"type.googleapis.com/google.cloud.functions.v2.OperationMetadata","createTime":"2026-03-13T21:22:38.839129617Z","target":"projects/appacadabra-bee0f/locations/southamerica-east1/functions/estimateManaCost","verb":"update","cancelRequested":false,"apiVersion":"v2"},"done":false}
[debug] [2026-03-13T21:22:38.611Z] Checked if tokens are valid: true, expires at: 1773440411892
[debug] [2026-03-13T21:22:38.611Z] Checked if tokens are valid: true, expires at: 1773440411892
[debug] [2026-03-13T21:22:38.612Z] >>> [apiv2][query] GET https://cloudfunctions.googleapis.com/v2/projects/appacadabra-bee0f/locations/southamerica-east1/operations/operation-1773436957944-64cee77e8ebf8-7136b6f8-0cfbfbf3 [none]
[debug] [2026-03-13T21:22:39.019Z] [update-default-southamerica-east1-getCredits] Retrying task index 0
[debug] [2026-03-13T21:22:39.020Z] Checked if tokens are valid: true, expires at: 1773440411892
[debug] [2026-03-13T21:22:39.020Z] Checked if tokens are valid: true, expires at: 1773440411892
[debug] [2026-03-13T21:22:39.020Z] >>> [apiv2][query] GET https://cloudfunctions.googleapis.com/v2/projects/appacadabra-bee0f/locations/southamerica-east1/operations/operation-1773436952251-64cee77920d75-b9774bc4-5c7a4123 [none]
[debug] [2026-03-13T21:22:41.071Z] <<< [apiv2][status] GET https://cloudfunctions.googleapis.com/v2/projects/appacadabra-bee0f/locations/southamerica-east1/operations/operation-1773436952251-64cee77920d75-b9774bc4-5c7a4123 200
[debug] [2026-03-13T21:22:41.071Z] <<< [apiv2][body] GET https://cloudfunctions.googleapis.com/v2/projects/appacadabra-bee0f/locations/southamerica-east1/operations/operation-1773436952251-64cee77920d75-b9774bc4-5c7a4123 {"name":"projects/appacadabra-bee0f/locations/southamerica-east1/operations/operation-1773436952251-64cee77920d75-b9774bc4-5c7a4123","metadata":{"@type":"type.googleapis.com/google.cloud.functions.v2.OperationMetadata","createTime":"2026-03-13T21:22:33.277723030Z","target":"projects/appacadabra-bee0f/locations/southamerica-east1/functions/getCredits","verb":"update","cancelRequested":false,"apiVersion":"v2","requestResource":{"@type":"type.googleapis.com/google.cloud.functions.v2.Function","name":"projects/appacadabra-bee0f/locations/southamerica-east1/functions/getCredits","buildConfig":{"runtime":"nodejs22","entryPoint":"getCredits","source":{"storageSource":{"bucket":"gcf-v2-sources-901177243529-southamerica-east1","object":"getCredits/function-source.zip","generation":"1773436953234444"}},"environmentVariables":{"GOOGLE_NODE_RUN_SCRIPTS":""},"dockerRepository":"projects/appacadabra-bee0f/locations/southamerica-east1/repositories/gcf-artifacts","sourceProvenance":{"resolvedStorageSource":{"bucket":"gcf-v2-sources-901177243529-southamerica-east1","object":"getCredits/function-source.zip","generation":"1773357481804255"}},"dockerRegistry":"ARTIFACT_REGISTRY","sourceToken":"Cl5wcm9qZWN0cy85MDExNzcyNDM1MjkvbG9jYXRpb25zL3NvdXRoYW1lcmljYS1lYXN0MS9idWlsZHMvMGVhZTE1OGEtZDU1YS00YWRiLTlhMTctMjkxNzExM2ZlMGY1EoABc291dGhhbWVyaWNhLWVhc3QxLWRvY2tlci5wa2cuZGV2L2FwcGFjYWRhYnJhLWJlZTBmL2djZi1hcnRpZmFjdHMvYXBwYWNhZGFicmEtLWJlZTBmX19zb3V0aGFtZXJpY2EtLWVhc3QxX19hZGRfY3JlZGl0czp2ZXJzaW9uXzEYie/lkp0aIkxwcm9qZWN0cy9hcHBhY2FkYWJyYS1iZWUwZi9sb2NhdGlvbnMvc291dGhhbWVyaWNhLWVhc3QxL2Z1bmN0aW9ucy9hZGRDcmVkaXRzKgwIhoDSzQYQuIyvsQIyCG5vZGVqczIyOn0KI2djci5pby9nYWUtcnVudGltZXMvbm9kZWpzMjI6c3RhYmxlElZzb3V0aGFtZXJpY2EtZWFzdDEtZG9ja2VyLnBrZy5kZXYvc2VydmVybGVzcy1ydW50aW1lcy9nb29nbGUtMjItZnVsbC9ydW50aW1lcy9ub2RlanMyMkAB","serviceAccount":"projects/appacadabra-bee0f/serviceAccounts/901177243529-compute@developer.gserviceaccount.com","automaticUpdatePolicy":{}},"serviceConfig":{"service":"projects/appacadabra-bee0f/locations/southamerica-east1/services/getcredits","timeoutSeconds":60,"environmentVariables":{"FIREBASE_CONFIG":"{\"projectId\":\"appacadabra-bee0f\",\"storageBucket\":\"appacadabra-bee0f.firebasestorage.app\"}","GCLOUD_PROJECT":"appacadabra-bee0f","EVENTARC_CLOUD_EVENT_SOURCE":"projects/appacadabra-bee0f/locations/southamerica-east1/services/getCredits","FUNCTION_TARGET":"getCredits","LOG_EXECUTION_ID":"true","FUNCTION_SIGNATURE_TYPE":"http"},"ingressSettings":"ALLOW_ALL","uri":"https://getcredits-vuv5axgmbq-rj.a.run.app","serviceAccountEmail":"901177243529-compute@developer.gserviceaccount.com","availableMemory":"256Mi","allTrafficOnLatestRevision":true,"revision":"getcredits-00072-bom","maxInstanceRequestConcurrency":80,"availableCpu":"1"},"state":"ACTIVE","labels":{"deployment-tool":"cli-firebase","deployment-callable":"true","firebase-functions-hash":"61b22a204447c9c732a614aeb093c8381a110d07"},"environment":"GEN_2","url":"https://southamerica-east1-appacadabra-bee0f.cloudfunctions.net/getCredits","satisfiesPzs":true,"satisfiesPzi":true},"stages":[{"name":"BUILD","message":"Reusing build","state":"COMPLETE","resource":"projects/901177243529/locations/southamerica-east1/builds/0eae158a-d55a-4adb-9a17-2917113fe0f5"},{"name":"SERVICE","message":"Updating Cloud Run service","state":"IN_PROGRESS","resource":"projects/appacadabra-bee0f/locations/southamerica-east1/services/getcredits","resourceUri":"https://console.cloud.google.com/run/detail/southamerica-east1/getcredits?project=appacadabra-bee0f","stateMessages":[{"severity":"INFO","type":"CloudRunServiceNewRevisionTrafficInfo","message":"A new revision will be deployed serving with 100% traffic."}]}],"sourceToken":"Cl5wcm9qZWN0cy85MDExNzcyNDM1MjkvbG9jYXRpb25zL3NvdXRoYW1lcmljYS1lYXN0MS9idWlsZHMvMGVhZTE1OGEtZDU1YS00YWRiLTlhMTctMjkxNzExM2ZlMGY1EoABc291dGhhbWVyaWNhLWVhc3QxLWRvY2tlci5wa2cuZGV2L2FwcGFjYWRhYnJhLWJlZTBmL2djZi1hcnRpZmFjdHMvYXBwYWNhZGFicmEtLWJlZTBmX19zb3V0aGFtZXJpY2EtLWVhc3QxX19hZGRfY3JlZGl0czp2ZXJzaW9uXzEYie/lkp0aIkxwcm9qZWN0cy9hcHBhY2FkYWJyYS1iZWUwZi9sb2NhdGlvbnMvc291dGhhbWVyaWNhLWVhc3QxL2Z1bmN0aW9ucy9hZGRDcmVkaXRzKgwIhoDSzQYQuIyvsQIyCG5vZGVqczIyOn0KI2djci5pby9nYWUtcnVudGltZXMvbm9kZWpzMjI6c3RhYmxlElZzb3V0aGFtZXJpY2EtZWFzdDEtZG9ja2VyLnBrZy5kZXYvc2VydmVybGVzcy1ydW50aW1lcy9nb29nbGUtMjItZnVsbC9ydW50aW1lcy9ub2RlanMyMkAB","operationType":"UPDATE_FUNCTION","buildName":"projects/901177243529/locations/southamerica-east1/builds/0eae158a-d55a-4adb-9a17-2917113fe0f5"},"done":false}
[debug] [2026-03-13T21:22:41.071Z] Got source token Cl5wcm9qZWN0cy85MDExNzcyNDM1MjkvbG9jYXRpb25zL3NvdXRoYW1lcmljYS1lYXN0MS9idWlsZHMvMGVhZTE1OGEtZDU1YS00YWRiLTlhMTctMjkxNzExM2ZlMGY1EoABc291dGhhbWVyaWNhLWVhc3QxLWRvY2tlci5wa2cuZGV2L2FwcGFjYWRhYnJhLWJlZTBmL2djZi1hcnRpZmFjdHMvYXBwYWNhZGFicmEtLWJlZTBmX19zb3V0aGFtZXJpY2EtLWVhc3QxX19hZGRfY3JlZGl0czp2ZXJzaW9uXzEYie/lkp0aIkxwcm9qZWN0cy9hcHBhY2FkYWJyYS1iZWUwZi9sb2NhdGlvbnMvc291dGhhbWVyaWNhLWVhc3QxL2Z1bmN0aW9ucy9hZGRDcmVkaXRzKgwIhoDSzQYQuIyvsQIyCG5vZGVqczIyOn0KI2djci5pby9nYWUtcnVudGltZXMvbm9kZWpzMjI6c3RhYmxlElZzb3V0aGFtZXJpY2EtZWFzdDEtZG9ja2VyLnBrZy5kZXYvc2VydmVybGVzcy1ydW50aW1lcy9nb29nbGUtMjItZnVsbC9ydW50aW1lcy9ub2RlanMyMkAB for region southamerica-east1
[debug] [2026-03-13T21:22:41.310Z] [update-default-southamerica-east1-addCredits] Retrying task index 0
[debug] [2026-03-13T21:22:41.310Z] Checked if tokens are valid: true, expires at: 1773440411892
[debug] [2026-03-13T21:22:41.311Z] Checked if tokens are valid: true, expires at: 1773440411892
[debug] [2026-03-13T21:22:41.311Z] >>> [apiv2][query] GET https://cloudfunctions.googleapis.com/v2/projects/appacadabra-bee0f/locations/southamerica-east1/operations/operation-1773436850117-64cee717b9c3d-7091657d-d20bb22a [none]
[debug] [2026-03-13T21:22:41.693Z] *** [apiv2] error from fetch(https://cloudfunctions.googleapis.com/v2/projects/appacadabra-bee0f/locations/southamerica-east1/functions/suggestSpells?updateMask=name%2CbuildConfig.runtime%2CbuildConfig.entryPoint%2CbuildConfig.source.storageSource.bucket%2CbuildConfig.source.storageSource.object%2CbuildConfig.environmentVariables%2CbuildConfig.sourceToken%2CserviceConfig.environmentVariables%2CserviceConfig.secretEnvironmentVariables%2CserviceConfig.ingressSettings%2CserviceConfig.timeoutSeconds%2CserviceConfig.serviceAccountEmail%2CserviceConfig.availableMemory%2CserviceConfig.minInstanceCount%2CserviceConfig.maxInstanceCount%2CserviceConfig.maxInstanceRequestConcurrency%2CserviceConfig.availableCpu%2CserviceConfig.vpcConnector%2CserviceConfig.vpcConnectorEgressSettings%2Clabels, {"headers":{},"method":"PATCH","body":"{\"name\":\"projects/appacadabra-bee0f/locations/southamerica-east1/functions/suggestSpells\",\"buildConfig\":{\"runtime\":\"nodejs22\",\"entryPoint\":\"suggestSpells\",\"source\":{\"storageSource\":{\"bucket\":\"gcf-v2-uploads-901177243529.southamerica-east1.cloudfunctions.appspot.com\",\"object\":\"2f7ee4e8-11de-42b1-a95c-261f5ed86f08.zip\"}},\"environmentVariables\":{\"GOOGLE_NODE_RUN_SCRIPTS\":\"\"},\"sourceToken\":\"Cl5wcm9qZWN0cy85MDExNzcyNDM1MjkvbG9jYXRpb25zL3NvdXRoYW1lcmljYS1lYXN0MS9idWlsZHMvMGVhZTE1OGEtZDU1YS00YWRiLTlhMTctMjkxNzExM2ZlMGY1EoABc291dGhhbWVyaWNhLWVhc3QxLWRvY2tlci5wa2cuZGV2L2FwcGFjYWRhYnJhLWJlZTBmL2djZi1hcnRpZmFjdHMvYXBwYWNhZGFicmEtLWJlZTBmX19zb3V0aGFtZXJpY2EtLWVhc3QxX19hZGRfY3JlZGl0czp2ZXJzaW9uXzEYie/lkp0aIkxwcm9qZWN0cy9hcHBhY2FkYWJyYS1iZWUwZi9sb2NhdGlvbnMvc291dGhhbWVyaWNhLWVhc3QxL2Z1bmN0aW9ucy9hZGRDcmVkaXRzKgwIhoDSzQYQuIyvsQIyCG5vZGVqczIyOn0KI2djci5pby9nYWUtcnVudGltZXMvbm9kZWpzMjI6c3RhYmxlElZzb3V0aGFtZXJpY2EtZWFzdDEtZG9ja2VyLnBrZy5kZXYvc2VydmVybGVzcy1ydW50aW1lcy9nb29nbGUtMjItZnVsbC9ydW50aW1lcy9ub2RlanMyMkAB\"},\"serviceConfig\":{\"environmentVariables\":{\"FIREBASE_CONFIG\":\"{\\\"projectId\\\":\\\"appacadabra-bee0f\\\",\\\"storageBucket\\\":\\\"appacadabra-bee0f.firebasestorage.app\\\"}\",\"GCLOUD_PROJECT\":\"appacadabra-bee0f\",\"EVENTARC_CLOUD_EVENT_SOURCE\":\"projects/appacadabra-bee0f/locations/southamerica-east1/services/suggestSpells\",\"FUNCTION_TARGET\":\"suggestSpells\",\"LOG_EXECUTION_ID\":\"true\",\"FUNCTION_SIGNATURE_TYPE\":\"http\"},\"secretEnvironmentVariables\":[{\"key\":\"GEMINI_API_KEY\",\"secret\":\"GEMINI_API_KEY\",\"projectId\":\"appacadabra-bee0f\",\"version\":\"2\"}],\"ingressSettings\":null,\"timeoutSeconds\":null,\"serviceAccountEmail\":null,\"availableMemory\":\"256Mi\",\"minInstanceCount\":null,\"maxInstanceCount\":null,\"maxInstanceRequestConcurrency\":80,\"availableCpu\":\"1\",\"vpcConnector\":null,\"vpcConnectorEgressSettings\":null},\"labels\":{\"deployment-tool\":\"cli-firebase\",\"deployment-callable\":\"true\",\"firebase-functions-hash\":\"1232314584414664f366e06b24d36300fc9f3097\"}}"}): FetchError: request to https://cloudfunctions.googleapis.com/v2/projects/appacadabra-bee0f/locations/southamerica-east1/functions/suggestSpells?updateMask=name%2CbuildConfig.runtime%2CbuildConfig.entryPoint%2CbuildConfig.source.storageSource.bucket%2CbuildConfig.source.storageSource.object%2CbuildConfig.environmentVariables%2CbuildConfig.sourceToken%2CserviceConfig.environmentVariables%2CserviceConfig.secretEnvironmentVariables%2CserviceConfig.ingressSettings%2CserviceConfig.timeoutSeconds%2CserviceConfig.serviceAccountEmail%2CserviceConfig.availableMemory%2CserviceConfig.minInstanceCount%2CserviceConfig.maxInstanceCount%2CserviceConfig.maxInstanceRequestConcurrency%2CserviceConfig.availableCpu%2CserviceConfig.vpcConnector%2CserviceConfig.vpcConnectorEgressSettings%2Clabels failed, reason: Client network socket disconnected before secure TLS connection was established
[warn] !  functions: Failed to make request to https://cloudfunctions.googleapis.com/v2/projects/appacadabra-bee0f/locations/southamerica-east1/functions/suggestSpells?updateMask=name%2CbuildConfig.runtime%2CbuildConfig.entryPoint%2CbuildConfig.source.storageSource.bucket%2CbuildConfig.source.storageSource.object%2CbuildConfig.environmentVariables%2CbuildConfig.sourceToken%2CserviceConfig.environmentVariables%2CserviceConfig.secretEnvironmentVariables%2CserviceConfig.ingressSettings%2CserviceConfig.timeoutSeconds%2CserviceConfig.serviceAccountEmail%2CserviceConfig.availableMemory%2CserviceConfig.minInstanceCount%2CserviceConfig.maxInstanceCount%2CserviceConfig.maxInstanceRequestConcurrency%2CserviceConfig.availableCpu%2CserviceConfig.vpcConnector%2CserviceConfig.vpcConnectorEgressSettings%2Clabels 
[warn] !  functions:  failed to update function projects/appacadabra-bee0f/locations/southamerica-east1/functions/suggestSpells 
[error] Failed to update function projects/appacadabra-bee0f/locations/southamerica-east1/functions/suggestSpells
[debug] [2026-03-13T21:22:41.945Z] <<< [apiv2][status] GET https://cloudfunctions.googleapis.com/v2/projects/appacadabra-bee0f/locations/southamerica-east1/operations/operation-1773436957944-64cee77e8ebf8-7136b6f8-0cfbfbf3 200
[debug] [2026-03-13T21:22:41.945Z] <<< [apiv2][body] GET https://cloudfunctions.googleapis.com/v2/projects/appacadabra-bee0f/locations/southamerica-east1/operations/operation-1773436957944-64cee77e8ebf8-7136b6f8-0cfbfbf3 {"name":"projects/appacadabra-bee0f/locations/southamerica-east1/operations/operation-1773436957944-64cee77e8ebf8-7136b6f8-0cfbfbf3","metadata":{"@type":"type.googleapis.com/google.cloud.functions.v2.OperationMetadata","createTime":"2026-03-13T21:22:38.839129617Z","target":"projects/appacadabra-bee0f/locations/southamerica-east1/functions/estimateManaCost","verb":"update","cancelRequested":false,"apiVersion":"v2","requestResource":{"@type":"type.googleapis.com/google.cloud.functions.v2.Function","name":"projects/appacadabra-bee0f/locations/southamerica-east1/functions/estimateManaCost","buildConfig":{"runtime":"nodejs22","entryPoint":"estimateManaCost","source":{"storageSource":{"bucket":"gcf-v2-sources-901177243529-southamerica-east1","object":"estimateManaCost/function-source.zip","generation":"1773436958799283"}},"environmentVariables":{"GOOGLE_NODE_RUN_SCRIPTS":""},"dockerRepository":"projects/appacadabra-bee0f/locations/southamerica-east1/repositories/gcf-artifacts","sourceProvenance":{"resolvedStorageSource":{"bucket":"gcf-v2-sources-901177243529-southamerica-east1","object":"estimateManaCost/function-source.zip","generation":"1773357387891778"}},"dockerRegistry":"ARTIFACT_REGISTRY","sourceToken":"Cl5wcm9qZWN0cy85MDExNzcyNDM1MjkvbG9jYXRpb25zL3NvdXRoYW1lcmljYS1lYXN0MS9idWlsZHMvMGVhZTE1OGEtZDU1YS00YWRiLTlhMTctMjkxNzExM2ZlMGY1EoABc291dGhhbWVyaWNhLWVhc3QxLWRvY2tlci5wa2cuZGV2L2FwcGFjYWRhYnJhLWJlZTBmL2djZi1hcnRpZmFjdHMvYXBwYWNhZGFicmEtLWJlZTBmX19zb3V0aGFtZXJpY2EtLWVhc3QxX19hZGRfY3JlZGl0czp2ZXJzaW9uXzEYie/lkp0aIkxwcm9qZWN0cy9hcHBhY2FkYWJyYS1iZWUwZi9sb2NhdGlvbnMvc291dGhhbWVyaWNhLWVhc3QxL2Z1bmN0aW9ucy9hZGRDcmVkaXRzKgwIhoDSzQYQuIyvsQIyCG5vZGVqczIyOn0KI2djci5pby9nYWUtcnVudGltZXMvbm9kZWpzMjI6c3RhYmxlElZzb3V0aGFtZXJpY2EtZWFzdDEtZG9ja2VyLnBrZy5kZXYvc2VydmVybGVzcy1ydW50aW1lcy9nb29nbGUtMjItZnVsbC9ydW50aW1lcy9ub2RlanMyMkAB","serviceAccount":"projects/appacadabra-bee0f/serviceAccounts/901177243529-compute@developer.gserviceaccount.com","automaticUpdatePolicy":{}},"serviceConfig":{"service":"projects/appacadabra-bee0f/locations/southamerica-east1/services/estimatemanacost","timeoutSeconds":60,"environmentVariables":{"FIREBASE_CONFIG":"{\"projectId\":\"appacadabra-bee0f\",\"storageBucket\":\"appacadabra-bee0f.firebasestorage.app\"}","GCLOUD_PROJECT":"appacadabra-bee0f","EVENTARC_CLOUD_EVENT_SOURCE":"projects/appacadabra-bee0f/locations/southamerica-east1/services/estimateManaCost","FUNCTION_TARGET":"estimateManaCost","LOG_EXECUTION_ID":"true","FUNCTION_SIGNATURE_TYPE":"http"},"ingressSettings":"ALLOW_ALL","uri":"https://estimatemanacost-vuv5axgmbq-rj.a.run.app","serviceAccountEmail":"901177243529-compute@developer.gserviceaccount.com","availableMemory":"256Mi","allTrafficOnLatestRevision":true,"revision":"estimatemanacost-00001-xef","maxInstanceRequestConcurrency":80,"availableCpu":"1"},"state":"ACTIVE","labels":{"deployment-tool":"cli-firebase","deployment-callable":"true","firebase-functions-hash":"61b22a204447c9c732a614aeb093c8381a110d07"},"environment":"GEN_2","url":"https://southamerica-east1-appacadabra-bee0f.cloudfunctions.net/estimateManaCost","satisfiesPzs":true,"satisfiesPzi":true},"stages":[{"name":"BUILD","message":"Reusing build","state":"COMPLETE","resource":"projects/901177243529/locations/southamerica-east1/builds/0eae158a-d55a-4adb-9a17-2917113fe0f5"},{"name":"SERVICE","message":"Updating Cloud Run service","state":"IN_PROGRESS","resource":"projects/appacadabra-bee0f/locations/southamerica-east1/services/estimatemanacost","resourceUri":"https://console.cloud.google.com/run/detail/southamerica-east1/estimatemanacost?project=appacadabra-bee0f","stateMessages":[{"severity":"INFO","type":"CloudRunServiceNewRevisionTrafficInfo","message":"A new revision will be deployed serving with 100% traffic."}]}],"sourceToken":"Cl5wcm9qZWN0cy85MDExNzcyNDM1MjkvbG9jYXRpb25zL3NvdXRoYW1lcmljYS1lYXN0MS9idWlsZHMvMGVhZTE1OGEtZDU1YS00YWRiLTlhMTctMjkxNzExM2ZlMGY1EoABc291dGhhbWVyaWNhLWVhc3QxLWRvY2tlci5wa2cuZGV2L2FwcGFjYWRhYnJhLWJlZTBmL2djZi1hcnRpZmFjdHMvYXBwYWNhZGFicmEtLWJlZTBmX19zb3V0aGFtZXJpY2EtLWVhc3QxX19hZGRfY3JlZGl0czp2ZXJzaW9uXzEYie/lkp0aIkxwcm9qZWN0cy9hcHBhY2FkYWJyYS1iZWUwZi9sb2NhdGlvbnMvc291dGhhbWVyaWNhLWVhc3QxL2Z1bmN0aW9ucy9hZGRDcmVkaXRzKgwIhoDSzQYQuIyvsQIyCG5vZGVqczIyOn0KI2djci5pby9nYWUtcnVudGltZXMvbm9kZWpzMjI6c3RhYmxlElZzb3V0aGFtZXJpY2EtZWFzdDEtZG9ja2VyLnBrZy5kZXYvc2VydmVybGVzcy1ydW50aW1lcy9nb29nbGUtMjItZnVsbC9ydW50aW1lcy9ub2RlanMyMkAB","operationType":"UPDATE_FUNCTION","buildName":"projects/901177243529/locations/southamerica-east1/builds/0eae158a-d55a-4adb-9a17-2917113fe0f5"},"done":false}
[debug] [2026-03-13T21:22:41.945Z] Got source token Cl5wcm9qZWN0cy85MDExNzcyNDM1MjkvbG9jYXRpb25zL3NvdXRoYW1lcmljYS1lYXN0MS9idWlsZHMvMGVhZTE1OGEtZDU1YS00YWRiLTlhMTctMjkxNzExM2ZlMGY1EoABc291dGhhbWVyaWNhLWVhc3QxLWRvY2tlci5wa2cuZGV2L2FwcGFjYWRhYnJhLWJlZTBmL2djZi1hcnRpZmFjdHMvYXBwYWNhZGFicmEtLWJlZTBmX19zb3V0aGFtZXJpY2EtLWVhc3QxX19hZGRfY3JlZGl0czp2ZXJzaW9uXzEYie/lkp0aIkxwcm9qZWN0cy9hcHBhY2FkYWJyYS1iZWUwZi9sb2NhdGlvbnMvc291dGhhbWVyaWNhLWVhc3QxL2Z1bmN0aW9ucy9hZGRDcmVkaXRzKgwIhoDSzQYQuIyvsQIyCG5vZGVqczIyOn0KI2djci5pby9nYWUtcnVudGltZXMvbm9kZWpzMjI6c3RhYmxlElZzb3V0aGFtZXJpY2EtZWFzdDEtZG9ja2VyLnBrZy5kZXYvc2VydmVybGVzcy1ydW50aW1lcy9nb29nbGUtMjItZnVsbC9ydW50aW1lcy9ub2RlanMyMkAB for region southamerica-east1
[debug] [2026-03-13T21:22:42.460Z] [update-default-southamerica-east1-estimateManaCost] Retrying task index 0
[debug] [2026-03-13T21:22:42.460Z] Checked if tokens are valid: true, expires at: 1773440411892
[debug] [2026-03-13T21:22:42.460Z] Checked if tokens are valid: true, expires at: 1773440411892
[debug] [2026-03-13T21:22:42.460Z] >>> [apiv2][query] GET https://cloudfunctions.googleapis.com/v2/projects/appacadabra-bee0f/locations/southamerica-east1/operations/operation-1773436957944-64cee77e8ebf8-7136b6f8-0cfbfbf3 [none]
[debug] [2026-03-13T21:22:42.642Z] <<< [apiv2][status] GET https://cloudfunctions.googleapis.com/v2/projects/appacadabra-bee0f/locations/southamerica-east1/operations/operation-1773436850117-64cee717b9c3d-7091657d-d20bb22a 200
[debug] [2026-03-13T21:22:42.642Z] <<< [apiv2][body] GET https://cloudfunctions.googleapis.com/v2/projects/appacadabra-bee0f/locations/southamerica-east1/operations/operation-1773436850117-64cee717b9c3d-7091657d-d20bb22a {"name":"projects/appacadabra-bee0f/locations/southamerica-east1/operations/operation-1773436850117-64cee717b9c3d-7091657d-d20bb22a","metadata":{"@type":"type.googleapis.com/google.cloud.functions.v2.OperationMetadata","createTime":"2026-03-13T21:20:51.237277957Z","endTime":"2026-03-13T21:22:33.187808414Z","target":"projects/appacadabra-bee0f/locations/southamerica-east1/functions/addCredits","verb":"update","cancelRequested":false,"apiVersion":"v2","requestResource":{"@type":"type.googleapis.com/google.cloud.functions.v2.Function","name":"projects/appacadabra-bee0f/locations/southamerica-east1/functions/addCredits","buildConfig":{"runtime":"nodejs22","entryPoint":"addCredits","source":{"storageSource":{"bucket":"gcf-v2-sources-901177243529-southamerica-east1","object":"addCredits/function-source.zip","generation":"1773436851188028"}},"environmentVariables":{"GOOGLE_NODE_RUN_SCRIPTS":""},"dockerRepository":"projects/appacadabra-bee0f/locations/southamerica-east1/repositories/gcf-artifacts","sourceProvenance":{"resolvedStorageSource":{"bucket":"gcf-v2-sources-901177243529-southamerica-east1","object":"addCredits/function-source.zip","generation":"1773357481788441"}},"dockerRegistry":"ARTIFACT_REGISTRY","serviceAccount":"projects/appacadabra-bee0f/serviceAccounts/901177243529-compute@developer.gserviceaccount.com","automaticUpdatePolicy":{}},"serviceConfig":{"service":"projects/appacadabra-bee0f/locations/southamerica-east1/services/addcredits","timeoutSeconds":60,"environmentVariables":{"FIREBASE_CONFIG":"{\"projectId\":\"appacadabra-bee0f\",\"storageBucket\":\"appacadabra-bee0f.firebasestorage.app\"}","GCLOUD_PROJECT":"appacadabra-bee0f","EVENTARC_CLOUD_EVENT_SOURCE":"projects/appacadabra-bee0f/locations/southamerica-east1/services/addCredits","FUNCTION_TARGET":"addCredits","LOG_EXECUTION_ID":"true","FUNCTION_SIGNATURE_TYPE":"http"},"ingressSettings":"ALLOW_ALL","uri":"https://addcredits-vuv5axgmbq-rj.a.run.app","serviceAccountEmail":"901177243529-compute@developer.gserviceaccount.com","availableMemory":"256Mi","allTrafficOnLatestRevision":true,"revision":"addcredits-00072-sog","maxInstanceRequestConcurrency":80,"availableCpu":"1"},"state":"ACTIVE","labels":{"deployment-tool":"cli-firebase","deployment-callable":"true","firebase-functions-hash":"61b22a204447c9c732a614aeb093c8381a110d07"},"environment":"GEN_2","url":"https://southamerica-east1-appacadabra-bee0f.cloudfunctions.net/addCredits","satisfiesPzs":true,"satisfiesPzi":true},"stages":[{"name":"BUILD","message":"Build finished","state":"COMPLETE","resource":"projects/901177243529/locations/southamerica-east1/builds/0eae158a-d55a-4adb-9a17-2917113fe0f5","resourceUri":"https://console.cloud.google.com/cloud-build/builds;region=southamerica-east1/0eae158a-d55a-4adb-9a17-2917113fe0f5?project=901177243529"},{"name":"SERVICE","message":"Updating Cloud Run service","state":"COMPLETE","resource":"projects/appacadabra-bee0f/locations/southamerica-east1/services/addcredits","resourceUri":"https://console.cloud.google.com/run/detail/southamerica-east1/addcredits?project=appacadabra-bee0f","stateMessages":[{"severity":"INFO","type":"CloudRunServiceNewRevisionTrafficInfo","message":"A new revision will be deployed serving with 100% traffic."}]}],"sourceToken":"Cl5wcm9qZWN0cy85MDExNzcyNDM1MjkvbG9jYXRpb25zL3NvdXRoYW1lcmljYS1lYXN0MS9idWlsZHMvMGVhZTE1OGEtZDU1YS00YWRiLTlhMTctMjkxNzExM2ZlMGY1EoABc291dGhhbWVyaWNhLWVhc3QxLWRvY2tlci5wa2cuZGV2L2FwcGFjYWRhYnJhLWJlZTBmL2djZi1hcnRpZmFjdHMvYXBwYWNhZGFicmEtLWJlZTBmX19zb3V0aGFtZXJpY2EtLWVhc3QxX19hZGRfY3JlZGl0czp2ZXJzaW9uXzEYie/lkp0aIkxwcm9qZWN0cy9hcHBhY2FkYWJyYS1iZWUwZi9sb2NhdGlvbnMvc291dGhhbWVyaWNhLWVhc3QxL2Z1bmN0aW9ucy9hZGRDcmVkaXRzKgwIhoDSzQYQuIyvsQIyCG5vZGVqczIyOn0KI2djci5pby9nYWUtcnVudGltZXMvbm9kZWpzMjI6c3RhYmxlElZzb3V0aGFtZXJpY2EtZWFzdDEtZG9ja2VyLnBrZy5kZXYvc2VydmVybGVzcy1ydW50aW1lcy9nb29nbGUtMjItZnVsbC9ydW50aW1lcy9ub2RlanMyMkAB","operationType":"UPDATE_FUNCTION","buildName":"projects/901177243529/locations/southamerica-east1/builds/0eae158a-d55a-4adb-9a17-2917113fe0f5"},"done":true,"response":{"@type":"type.googleapis.com/google.cloud.functions.v2.Function","name":"projects/appacadabra-bee0f/locations/southamerica-east1/functions/addCredits","buildConfig":{"build":"projects/901177243529/locations/southamerica-east1/builds/0eae158a-d55a-4adb-9a17-2917113fe0f5","runtime":"nodejs22","entryPoint":"addCredits","source":{"storageSource":{"bucket":"gcf-v2-sources-901177243529-southamerica-east1","object":"addCredits/function-source.zip","generation":"1773436851188028"}},"environmentVariables":{"GOOGLE_NODE_RUN_SCRIPTS":""},"dockerRepository":"projects/appacadabra-bee0f/locations/southamerica-east1/repositories/gcf-artifacts","sourceProvenance":{"resolvedStorageSource":{"bucket":"gcf-v2-sources-901177243529-southamerica-east1","object":"addCredits/function-source.zip","generation":"1773436851188028"}},"dockerRegistry":"ARTIFACT_REGISTRY","serviceAccount":"projects/appacadabra-bee0f/serviceAccounts/901177243529-compute@developer.gserviceaccount.com","automaticUpdatePolicy":{}},"serviceConfig":{"service":"projects/appacadabra-bee0f/locations/southamerica-east1/services/addcredits","timeoutSeconds":60,"environmentVariables":{"FIREBASE_CONFIG":"{\"projectId\":\"appacadabra-bee0f\",\"storageBucket\":\"appacadabra-bee0f.firebasestorage.app\"}","GCLOUD_PROJECT":"appacadabra-bee0f","EVENTARC_CLOUD_EVENT_SOURCE":"projects/appacadabra-bee0f/locations/southamerica-east1/services/addCredits","FUNCTION_TARGET":"addCredits","LOG_EXECUTION_ID":"true","FUNCTION_SIGNATURE_TYPE":"http"},"maxInstanceCount":20,"ingressSettings":"ALLOW_ALL","uri":"https://addcredits-vuv5axgmbq-rj.a.run.app","serviceAccountEmail":"901177243529-compute@developer.gserviceaccount.com","availableMemory":"256Mi","allTrafficOnLatestRevision":true,"revision":"addcredits-00073-yeq","maxInstanceRequestConcurrency":80,"availableCpu":"1"},"state":"ACTIVE","updateTime":"2026-03-13T21:20:51.239701481Z","labels":{"deployment-callable":"true","firebase-functions-hash":"61b22a204447c9c732a614aeb093c8381a110d07","deployment-tool":"cli-firebase"},"environment":"GEN_2","url":"https://southamerica-east1-appacadabra-bee0f.cloudfunctions.net/addCredits","satisfiesPzs":true,"createTime":"2026-01-28T12:50:13.063409367Z","satisfiesPzi":true}}
[debug] [2026-03-13T21:22:42.642Z] Got source token Cl5wcm9qZWN0cy85MDExNzcyNDM1MjkvbG9jYXRpb25zL3NvdXRoYW1lcmljYS1lYXN0MS9idWlsZHMvMGVhZTE1OGEtZDU1YS00YWRiLTlhMTctMjkxNzExM2ZlMGY1EoABc291dGhhbWVyaWNhLWVhc3QxLWRvY2tlci5wa2cuZGV2L2FwcGFjYWRhYnJhLWJlZTBmL2djZi1hcnRpZmFjdHMvYXBwYWNhZGFicmEtLWJlZTBmX19zb3V0aGFtZXJpY2EtLWVhc3QxX19hZGRfY3JlZGl0czp2ZXJzaW9uXzEYie/lkp0aIkxwcm9qZWN0cy9hcHBhY2FkYWJyYS1iZWUwZi9sb2NhdGlvbnMvc291dGhhbWVyaWNhLWVhc3QxL2Z1bmN0aW9ucy9hZGRDcmVkaXRzKgwIhoDSzQYQuIyvsQIyCG5vZGVqczIyOn0KI2djci5pby9nYWUtcnVudGltZXMvbm9kZWpzMjI6c3RhYmxlElZzb3V0aGFtZXJpY2EtZWFzdDEtZG9ja2VyLnBrZy5kZXYvc2VydmVybGVzcy1ydW50aW1lcy9nb29nbGUtMjItZnVsbC9ydW50aW1lcy9ub2RlanMyMkAB for region southamerica-east1
[info] +  functions[addCredits(southamerica-east1)] Successful update operation. 
[debug] [2026-03-13T21:22:43.081Z] [update-default-southamerica-east1-getCredits] Retrying task index 0
[debug] [2026-03-13T21:22:43.081Z] Checked if tokens are valid: true, expires at: 1773440411892
[debug] [2026-03-13T21:22:43.081Z] Checked if tokens are valid: true, expires at: 1773440411892
[debug] [2026-03-13T21:22:43.081Z] >>> [apiv2][query] GET https://cloudfunctions.googleapis.com/v2/projects/appacadabra-bee0f/locations/southamerica-east1/operations/operation-1773436952251-64cee77920d75-b9774bc4-5c7a4123 [none]
[debug] [2026-03-13T21:22:44.262Z] <<< [apiv2][status] GET https://cloudfunctions.googleapis.com/v2/projects/appacadabra-bee0f/locations/southamerica-east1/operations/operation-1773436952251-64cee77920d75-b9774bc4-5c7a4123 200
[debug] [2026-03-13T21:22:44.262Z] <<< [apiv2][body] GET https://cloudfunctions.googleapis.com/v2/projects/appacadabra-bee0f/locations/southamerica-east1/operations/operation-1773436952251-64cee77920d75-b9774bc4-5c7a4123 {"name":"projects/appacadabra-bee0f/locations/southamerica-east1/operations/operation-1773436952251-64cee77920d75-b9774bc4-5c7a4123","metadata":{"@type":"type.googleapis.com/google.cloud.functions.v2.OperationMetadata","createTime":"2026-03-13T21:22:33.277723030Z","endTime":"2026-03-13T21:22:41.959604393Z","target":"projects/appacadabra-bee0f/locations/southamerica-east1/functions/getCredits","verb":"update","cancelRequested":false,"apiVersion":"v2","requestResource":{"@type":"type.googleapis.com/google.cloud.functions.v2.Function","name":"projects/appacadabra-bee0f/locations/southamerica-east1/functions/getCredits","buildConfig":{"runtime":"nodejs22","entryPoint":"getCredits","source":{"storageSource":{"bucket":"gcf-v2-sources-901177243529-southamerica-east1","object":"getCredits/function-source.zip","generation":"1773436953234444"}},"environmentVariables":{"GOOGLE_NODE_RUN_SCRIPTS":""},"dockerRepository":"projects/appacadabra-bee0f/locations/southamerica-east1/repositories/gcf-artifacts","sourceProvenance":{"resolvedStorageSource":{"bucket":"gcf-v2-sources-901177243529-southamerica-east1","object":"getCredits/function-source.zip","generation":"1773357481804255"}},"dockerRegistry":"ARTIFACT_REGISTRY","sourceToken":"Cl5wcm9qZWN0cy85MDExNzcyNDM1MjkvbG9jYXRpb25zL3NvdXRoYW1lcmljYS1lYXN0MS9idWlsZHMvMGVhZTE1OGEtZDU1YS00YWRiLTlhMTctMjkxNzExM2ZlMGY1EoABc291dGhhbWVyaWNhLWVhc3QxLWRvY2tlci5wa2cuZGV2L2FwcGFjYWRhYnJhLWJlZTBmL2djZi1hcnRpZmFjdHMvYXBwYWNhZGFicmEtLWJlZTBmX19zb3V0aGFtZXJpY2EtLWVhc3QxX19hZGRfY3JlZGl0czp2ZXJzaW9uXzEYie/lkp0aIkxwcm9qZWN0cy9hcHBhY2FkYWJyYS1iZWUwZi9sb2NhdGlvbnMvc291dGhhbWVyaWNhLWVhc3QxL2Z1bmN0aW9ucy9hZGRDcmVkaXRzKgwIhoDSzQYQuIyvsQIyCG5vZGVqczIyOn0KI2djci5pby9nYWUtcnVudGltZXMvbm9kZWpzMjI6c3RhYmxlElZzb3V0aGFtZXJpY2EtZWFzdDEtZG9ja2VyLnBrZy5kZXYvc2VydmVybGVzcy1ydW50aW1lcy9nb29nbGUtMjItZnVsbC9ydW50aW1lcy9ub2RlanMyMkAB","serviceAccount":"projects/appacadabra-bee0f/serviceAccounts/901177243529-compute@developer.gserviceaccount.com","automaticUpdatePolicy":{}},"serviceConfig":{"service":"projects/appacadabra-bee0f/locations/southamerica-east1/services/getcredits","timeoutSeconds":60,"environmentVariables":{"FIREBASE_CONFIG":"{\"projectId\":\"appacadabra-bee0f\",\"storageBucket\":\"appacadabra-bee0f.firebasestorage.app\"}","GCLOUD_PROJECT":"appacadabra-bee0f","EVENTARC_CLOUD_EVENT_SOURCE":"projects/appacadabra-bee0f/locations/southamerica-east1/services/getCredits","FUNCTION_TARGET":"getCredits","LOG_EXECUTION_ID":"true","FUNCTION_SIGNATURE_TYPE":"http"},"ingressSettings":"ALLOW_ALL","uri":"https://getcredits-vuv5axgmbq-rj.a.run.app","serviceAccountEmail":"901177243529-compute@developer.gserviceaccount.com","availableMemory":"256Mi","allTrafficOnLatestRevision":true,"revision":"getcredits-00072-bom","maxInstanceRequestConcurrency":80,"availableCpu":"1"},"state":"ACTIVE","labels":{"deployment-tool":"cli-firebase","deployment-callable":"true","firebase-functions-hash":"61b22a204447c9c732a614aeb093c8381a110d07"},"environment":"GEN_2","url":"https://southamerica-east1-appacadabra-bee0f.cloudfunctions.net/getCredits","satisfiesPzs":true,"satisfiesPzi":true},"stages":[{"name":"BUILD","message":"Reusing build","state":"COMPLETE","resource":"projects/901177243529/locations/southamerica-east1/builds/0eae158a-d55a-4adb-9a17-2917113fe0f5"},{"name":"SERVICE","message":"Updating Cloud Run service","state":"COMPLETE","resource":"projects/appacadabra-bee0f/locations/southamerica-east1/services/getcredits","resourceUri":"https://console.cloud.google.com/run/detail/southamerica-east1/getcredits?project=appacadabra-bee0f","stateMessages":[{"severity":"INFO","type":"CloudRunServiceNewRevisionTrafficInfo","message":"A new revision will be deployed serving with 100% traffic."}]}],"sourceToken":"Cl5wcm9qZWN0cy85MDExNzcyNDM1MjkvbG9jYXRpb25zL3NvdXRoYW1lcmljYS1lYXN0MS9idWlsZHMvMGVhZTE1OGEtZDU1YS00YWRiLTlhMTctMjkxNzExM2ZlMGY1EoABc291dGhhbWVyaWNhLWVhc3QxLWRvY2tlci5wa2cuZGV2L2FwcGFjYWRhYnJhLWJlZTBmL2djZi1hcnRpZmFjdHMvYXBwYWNhZGFicmEtLWJlZTBmX19zb3V0aGFtZXJpY2EtLWVhc3QxX19hZGRfY3JlZGl0czp2ZXJzaW9uXzEYie/lkp0aIkxwcm9qZWN0cy9hcHBhY2FkYWJyYS1iZWUwZi9sb2NhdGlvbnMvc291dGhhbWVyaWNhLWVhc3QxL2Z1bmN0aW9ucy9hZGRDcmVkaXRzKgwIhoDSzQYQuIyvsQIyCG5vZGVqczIyOn0KI2djci5pby9nYWUtcnVudGltZXMvbm9kZWpzMjI6c3RhYmxlElZzb3V0aGFtZXJpY2EtZWFzdDEtZG9ja2VyLnBrZy5kZXYvc2VydmVybGVzcy1ydW50aW1lcy9nb29nbGUtMjItZnVsbC9ydW50aW1lcy9ub2RlanMyMkAB","operationType":"UPDATE_FUNCTION","buildName":"projects/901177243529/locations/southamerica-east1/builds/0eae158a-d55a-4adb-9a17-2917113fe0f5"},"done":true,"response":{"@type":"type.googleapis.com/google.cloud.functions.v2.Function","name":"projects/appacadabra-bee0f/locations/southamerica-east1/functions/getCredits","buildConfig":{"build":"projects/901177243529/locations/southamerica-east1/builds/0eae158a-d55a-4adb-9a17-2917113fe0f5","runtime":"nodejs22","entryPoint":"getCredits","source":{"storageSource":{"bucket":"gcf-v2-sources-901177243529-southamerica-east1","object":"getCredits/function-source.zip","generation":"1773436953234444"}},"environmentVariables":{"GOOGLE_NODE_RUN_SCRIPTS":""},"dockerRepository":"projects/appacadabra-bee0f/locations/southamerica-east1/repositories/gcf-artifacts","sourceProvenance":{"resolvedStorageSource":{"bucket":"gcf-v2-sources-901177243529-southamerica-east1","object":"getCredits/function-source.zip","generation":"1773436953234444"}},"dockerRegistry":"ARTIFACT_REGISTRY","serviceAccount":"projects/appacadabra-bee0f/serviceAccounts/901177243529-compute@developer.gserviceaccount.com","automaticUpdatePolicy":{}},"serviceConfig":{"service":"projects/appacadabra-bee0f/locations/southamerica-east1/services/getcredits","timeoutSeconds":60,"environmentVariables":{"FIREBASE_CONFIG":"{\"projectId\":\"appacadabra-bee0f\",\"storageBucket\":\"appacadabra-bee0f.firebasestorage.app\"}","GCLOUD_PROJECT":"appacadabra-bee0f","EVENTARC_CLOUD_EVENT_SOURCE":"projects/appacadabra-bee0f/locations/southamerica-east1/services/getCredits","FUNCTION_TARGET":"getCredits","LOG_EXECUTION_ID":"true","FUNCTION_SIGNATURE_TYPE":"http"},"maxInstanceCount":20,"ingressSettings":"ALLOW_ALL","uri":"https://getcredits-vuv5axgmbq-rj.a.run.app","serviceAccountEmail":"901177243529-compute@developer.gserviceaccount.com","availableMemory":"256Mi","allTrafficOnLatestRevision":true,"revision":"getcredits-00073-yoj","maxInstanceRequestConcurrency":80,"availableCpu":"1"},"state":"ACTIVE","updateTime":"2026-03-13T21:22:33.279431040Z","labels":{"deployment-callable":"true","firebase-functions-hash":"61b22a204447c9c732a614aeb093c8381a110d07","deployment-tool":"cli-firebase"},"environment":"GEN_2","url":"https://southamerica-east1-appacadabra-bee0f.cloudfunctions.net/getCredits","satisfiesPzs":true,"createTime":"2026-01-28T12:51:46.032048310Z","satisfiesPzi":true}}
[debug] [2026-03-13T21:22:44.262Z] Got source token Cl5wcm9qZWN0cy85MDExNzcyNDM1MjkvbG9jYXRpb25zL3NvdXRoYW1lcmljYS1lYXN0MS9idWlsZHMvMGVhZTE1OGEtZDU1YS00YWRiLTlhMTctMjkxNzExM2ZlMGY1EoABc291dGhhbWVyaWNhLWVhc3QxLWRvY2tlci5wa2cuZGV2L2FwcGFjYWRhYnJhLWJlZTBmL2djZi1hcnRpZmFjdHMvYXBwYWNhZGFicmEtLWJlZTBmX19zb3V0aGFtZXJpY2EtLWVhc3QxX19hZGRfY3JlZGl0czp2ZXJzaW9uXzEYie/lkp0aIkxwcm9qZWN0cy9hcHBhY2FkYWJyYS1iZWUwZi9sb2NhdGlvbnMvc291dGhhbWVyaWNhLWVhc3QxL2Z1bmN0aW9ucy9hZGRDcmVkaXRzKgwIhoDSzQYQuIyvsQIyCG5vZGVqczIyOn0KI2djci5pby9nYWUtcnVudGltZXMvbm9kZWpzMjI6c3RhYmxlElZzb3V0aGFtZXJpY2EtZWFzdDEtZG9ja2VyLnBrZy5kZXYvc2VydmVybGVzcy1ydW50aW1lcy9nb29nbGUtMjItZnVsbC9ydW50aW1lcy9ub2RlanMyMkAB for region southamerica-east1
[info] +  functions[getCredits(southamerica-east1)] Successful update operation. 
[debug] [2026-03-13T21:22:44.264Z] <<< [apiv2][status] GET https://cloudfunctions.googleapis.com/v2/projects/appacadabra-bee0f/locations/southamerica-east1/operations/operation-1773436957944-64cee77e8ebf8-7136b6f8-0cfbfbf3 200
[debug] [2026-03-13T21:22:44.265Z] <<< [apiv2][body] GET https://cloudfunctions.googleapis.com/v2/projects/appacadabra-bee0f/locations/southamerica-east1/operations/operation-1773436957944-64cee77e8ebf8-7136b6f8-0cfbfbf3 {"name":"projects/appacadabra-bee0f/locations/southamerica-east1/operations/operation-1773436957944-64cee77e8ebf8-7136b6f8-0cfbfbf3","metadata":{"@type":"type.googleapis.com/google.cloud.functions.v2.OperationMetadata","createTime":"2026-03-13T21:22:38.839129617Z","target":"projects/appacadabra-bee0f/locations/southamerica-east1/functions/estimateManaCost","verb":"update","cancelRequested":false,"apiVersion":"v2","requestResource":{"@type":"type.googleapis.com/google.cloud.functions.v2.Function","name":"projects/appacadabra-bee0f/locations/southamerica-east1/functions/estimateManaCost","buildConfig":{"runtime":"nodejs22","entryPoint":"estimateManaCost","source":{"storageSource":{"bucket":"gcf-v2-sources-901177243529-southamerica-east1","object":"estimateManaCost/function-source.zip","generation":"1773436958799283"}},"environmentVariables":{"GOOGLE_NODE_RUN_SCRIPTS":""},"dockerRepository":"projects/appacadabra-bee0f/locations/southamerica-east1/repositories/gcf-artifacts","sourceProvenance":{"resolvedStorageSource":{"bucket":"gcf-v2-sources-901177243529-southamerica-east1","object":"estimateManaCost/function-source.zip","generation":"1773357387891778"}},"dockerRegistry":"ARTIFACT_REGISTRY","sourceToken":"Cl5wcm9qZWN0cy85MDExNzcyNDM1MjkvbG9jYXRpb25zL3NvdXRoYW1lcmljYS1lYXN0MS9idWlsZHMvMGVhZTE1OGEtZDU1YS00YWRiLTlhMTctMjkxNzExM2ZlMGY1EoABc291dGhhbWVyaWNhLWVhc3QxLWRvY2tlci5wa2cuZGV2L2FwcGFjYWRhYnJhLWJlZTBmL2djZi1hcnRpZmFjdHMvYXBwYWNhZGFicmEtLWJlZTBmX19zb3V0aGFtZXJpY2EtLWVhc3QxX19hZGRfY3JlZGl0czp2ZXJzaW9uXzEYie/lkp0aIkxwcm9qZWN0cy9hcHBhY2FkYWJyYS1iZWUwZi9sb2NhdGlvbnMvc291dGhhbWVyaWNhLWVhc3QxL2Z1bmN0aW9ucy9hZGRDcmVkaXRzKgwIhoDSzQYQuIyvsQIyCG5vZGVqczIyOn0KI2djci5pby9nYWUtcnVudGltZXMvbm9kZWpzMjI6c3RhYmxlElZzb3V0aGFtZXJpY2EtZWFzdDEtZG9ja2VyLnBrZy5kZXYvc2VydmVybGVzcy1ydW50aW1lcy9nb29nbGUtMjItZnVsbC9ydW50aW1lcy9ub2RlanMyMkAB","serviceAccount":"projects/appacadabra-bee0f/serviceAccounts/901177243529-compute@developer.gserviceaccount.com","automaticUpdatePolicy":{}},"serviceConfig":{"service":"projects/appacadabra-bee0f/locations/southamerica-east1/services/estimatemanacost","timeoutSeconds":60,"environmentVariables":{"FIREBASE_CONFIG":"{\"projectId\":\"appacadabra-bee0f\",\"storageBucket\":\"appacadabra-bee0f.firebasestorage.app\"}","GCLOUD_PROJECT":"appacadabra-bee0f","EVENTARC_CLOUD_EVENT_SOURCE":"projects/appacadabra-bee0f/locations/southamerica-east1/services/estimateManaCost","FUNCTION_TARGET":"estimateManaCost","LOG_EXECUTION_ID":"true","FUNCTION_SIGNATURE_TYPE":"http"},"ingressSettings":"ALLOW_ALL","uri":"https://estimatemanacost-vuv5axgmbq-rj.a.run.app","serviceAccountEmail":"901177243529-compute@developer.gserviceaccount.com","availableMemory":"256Mi","allTrafficOnLatestRevision":true,"revision":"estimatemanacost-00001-xef","maxInstanceRequestConcurrency":80,"availableCpu":"1"},"state":"ACTIVE","labels":{"deployment-tool":"cli-firebase","deployment-callable":"true","firebase-functions-hash":"61b22a204447c9c732a614aeb093c8381a110d07"},"environment":"GEN_2","url":"https://southamerica-east1-appacadabra-bee0f.cloudfunctions.net/estimateManaCost","satisfiesPzs":true,"satisfiesPzi":true},"stages":[{"name":"BUILD","message":"Reusing build","state":"COMPLETE","resource":"projects/901177243529/locations/southamerica-east1/builds/0eae158a-d55a-4adb-9a17-2917113fe0f5"},{"name":"SERVICE","message":"Updating Cloud Run service","state":"IN_PROGRESS","resource":"projects/appacadabra-bee0f/locations/southamerica-east1/services/estimatemanacost","resourceUri":"https://console.cloud.google.com/run/detail/southamerica-east1/estimatemanacost?project=appacadabra-bee0f","stateMessages":[{"severity":"INFO","type":"CloudRunServiceNewRevisionTrafficInfo","message":"A new revision will be deployed serving with 100% traffic."}]}],"sourceToken":"Cl5wcm9qZWN0cy85MDExNzcyNDM1MjkvbG9jYXRpb25zL3NvdXRoYW1lcmljYS1lYXN0MS9idWlsZHMvMGVhZTE1OGEtZDU1YS00YWRiLTlhMTctMjkxNzExM2ZlMGY1EoABc291dGhhbWVyaWNhLWVhc3QxLWRvY2tlci5wa2cuZGV2L2FwcGFjYWRhYnJhLWJlZTBmL2djZi1hcnRpZmFjdHMvYXBwYWNhZGFicmEtLWJlZTBmX19zb3V0aGFtZXJpY2EtLWVhc3QxX19hZGRfY3JlZGl0czp2ZXJzaW9uXzEYie/lkp0aIkxwcm9qZWN0cy9hcHBhY2FkYWJyYS1iZWUwZi9sb2NhdGlvbnMvc291dGhhbWVyaWNhLWVhc3QxL2Z1bmN0aW9ucy9hZGRDcmVkaXRzKgwIhoDSzQYQuIyvsQIyCG5vZGVqczIyOn0KI2djci5pby9nYWUtcnVudGltZXMvbm9kZWpzMjI6c3RhYmxlElZzb3V0aGFtZXJpY2EtZWFzdDEtZG9ja2VyLnBrZy5kZXYvc2VydmVybGVzcy1ydW50aW1lcy9nb29nbGUtMjItZnVsbC9ydW50aW1lcy9ub2RlanMyMkAB","operationType":"UPDATE_FUNCTION","buildName":"projects/901177243529/locations/southamerica-east1/builds/0eae158a-d55a-4adb-9a17-2917113fe0f5"},"done":false}
[debug] [2026-03-13T21:22:44.265Z] Got source token Cl5wcm9qZWN0cy85MDExNzcyNDM1MjkvbG9jYXRpb25zL3NvdXRoYW1lcmljYS1lYXN0MS9idWlsZHMvMGVhZTE1OGEtZDU1YS00YWRiLTlhMTctMjkxNzExM2ZlMGY1EoABc291dGhhbWVyaWNhLWVhc3QxLWRvY2tlci5wa2cuZGV2L2FwcGFjYWRhYnJhLWJlZTBmL2djZi1hcnRpZmFjdHMvYXBwYWNhZGFicmEtLWJlZTBmX19zb3V0aGFtZXJpY2EtLWVhc3QxX19hZGRfY3JlZGl0czp2ZXJzaW9uXzEYie/lkp0aIkxwcm9qZWN0cy9hcHBhY2FkYWJyYS1iZWUwZi9sb2NhdGlvbnMvc291dGhhbWVyaWNhLWVhc3QxL2Z1bmN0aW9ucy9hZGRDcmVkaXRzKgwIhoDSzQYQuIyvsQIyCG5vZGVqczIyOn0KI2djci5pby9nYWUtcnVudGltZXMvbm9kZWpzMjI6c3RhYmxlElZzb3V0aGFtZXJpY2EtZWFzdDEtZG9ja2VyLnBrZy5kZXYvc2VydmVybGVzcy1ydW50aW1lcy9nb29nbGUtMjItZnVsbC9ydW50aW1lcy9ub2RlanMyMkAB for region southamerica-east1
[debug] [2026-03-13T21:22:45.269Z] [update-default-southamerica-east1-estimateManaCost] Retrying task index 0
[debug] [2026-03-13T21:22:45.270Z] Checked if tokens are valid: true, expires at: 1773440411892
[debug] [2026-03-13T21:22:45.270Z] Checked if tokens are valid: true, expires at: 1773440411892
[debug] [2026-03-13T21:22:45.270Z] >>> [apiv2][query] GET https://cloudfunctions.googleapis.com/v2/projects/appacadabra-bee0f/locations/southamerica-east1/operations/operation-1773436957944-64cee77e8ebf8-7136b6f8-0cfbfbf3 [none]
[debug] [2026-03-13T21:22:45.440Z] [update-default-southamerica-east1-generateSpell] Retrying task index 0
[debug] [2026-03-13T21:22:45.441Z] Checked if tokens are valid: true, expires at: 1773440411892
[debug] [2026-03-13T21:22:45.441Z] Checked if tokens are valid: true, expires at: 1773440411892
[debug] [2026-03-13T21:22:45.441Z] >>> [apiv2][query] GET https://cloudfunctions.googleapis.com/v2/projects/appacadabra-bee0f/locations/southamerica-east1/operations/operation-1773436850115-64cee717b91c1-7e6a927a-282474f6 [none]
[debug] [2026-03-13T21:22:46.226Z] <<< [apiv2][status] GET https://cloudfunctions.googleapis.com/v2/projects/appacadabra-bee0f/locations/southamerica-east1/operations/operation-1773436957563-64cee77e318a1-ed864114-98cf046c 200
[debug] [2026-03-13T21:22:46.226Z] <<< [apiv2][body] GET https://cloudfunctions.googleapis.com/v2/projects/appacadabra-bee0f/locations/southamerica-east1/operations/operation-1773436957563-64cee77e318a1-ed864114-98cf046c {"name":"projects/appacadabra-bee0f/locations/southamerica-east1/operations/operation-1773436957563-64cee77e318a1-ed864114-98cf046c","metadata":{"@type":"type.googleapis.com/google.cloud.functions.v2.OperationMetadata","createTime":"2026-03-13T21:22:38.527609838Z","target":"projects/appacadabra-bee0f/locations/southamerica-east1/functions/claimInstallBonus","verb":"update","cancelRequested":false,"apiVersion":"v2","requestResource":{"@type":"type.googleapis.com/google.cloud.functions.v2.Function","name":"projects/appacadabra-bee0f/locations/southamerica-east1/functions/claimInstallBonus","buildConfig":{"runtime":"nodejs22","entryPoint":"claimInstallBonus","source":{"storageSource":{"bucket":"gcf-v2-sources-901177243529-southamerica-east1","object":"claimInstallBonus/function-source.zip","generation":"1773436958484857"}},"environmentVariables":{"GOOGLE_NODE_RUN_SCRIPTS":""},"dockerRepository":"projects/appacadabra-bee0f/locations/southamerica-east1/repositories/gcf-artifacts","sourceProvenance":{"resolvedStorageSource":{"bucket":"gcf-v2-sources-901177243529-southamerica-east1","object":"claimInstallBonus/function-source.zip","generation":"1773357481947921"}},"dockerRegistry":"ARTIFACT_REGISTRY","sourceToken":"Cl5wcm9qZWN0cy85MDExNzcyNDM1MjkvbG9jYXRpb25zL3NvdXRoYW1lcmljYS1lYXN0MS9idWlsZHMvMGVhZTE1OGEtZDU1YS00YWRiLTlhMTctMjkxNzExM2ZlMGY1EoABc291dGhhbWVyaWNhLWVhc3QxLWRvY2tlci5wa2cuZGV2L2FwcGFjYWRhYnJhLWJlZTBmL2djZi1hcnRpZmFjdHMvYXBwYWNhZGFicmEtLWJlZTBmX19zb3V0aGFtZXJpY2EtLWVhc3QxX19hZGRfY3JlZGl0czp2ZXJzaW9uXzEYie/lkp0aIkxwcm9qZWN0cy9hcHBhY2FkYWJyYS1iZWUwZi9sb2NhdGlvbnMvc291dGhhbWVyaWNhLWVhc3QxL2Z1bmN0aW9ucy9hZGRDcmVkaXRzKgwIhoDSzQYQuIyvsQIyCG5vZGVqczIyOn0KI2djci5pby9nYWUtcnVudGltZXMvbm9kZWpzMjI6c3RhYmxlElZzb3V0aGFtZXJpY2EtZWFzdDEtZG9ja2VyLnBrZy5kZXYvc2VydmVybGVzcy1ydW50aW1lcy9nb29nbGUtMjItZnVsbC9ydW50aW1lcy9ub2RlanMyMkAB","serviceAccount":"projects/appacadabra-bee0f/serviceAccounts/901177243529-compute@developer.gserviceaccount.com","automaticUpdatePolicy":{}},"serviceConfig":{"service":"projects/appacadabra-bee0f/locations/southamerica-east1/services/claiminstallbonus","timeoutSeconds":60,"environmentVariables":{"FIREBASE_CONFIG":"{\"projectId\":\"appacadabra-bee0f\",\"storageBucket\":\"appacadabra-bee0f.firebasestorage.app\"}","GCLOUD_PROJECT":"appacadabra-bee0f","EVENTARC_CLOUD_EVENT_SOURCE":"projects/appacadabra-bee0f/locations/southamerica-east1/services/claimInstallBonus","FUNCTION_TARGET":"claimInstallBonus","LOG_EXECUTION_ID":"true","FUNCTION_SIGNATURE_TYPE":"http"},"ingressSettings":"ALLOW_ALL","uri":"https://claiminstallbonus-vuv5axgmbq-rj.a.run.app","serviceAccountEmail":"901177243529-compute@developer.gserviceaccount.com","availableMemory":"256Mi","allTrafficOnLatestRevision":true,"revision":"claiminstallbonus-00004-qaj","maxInstanceRequestConcurrency":80,"availableCpu":"1"},"state":"ACTIVE","labels":{"deployment-tool":"cli-firebase","deployment-callable":"true","firebase-functions-hash":"61b22a204447c9c732a614aeb093c8381a110d07"},"environment":"GEN_2","url":"https://southamerica-east1-appacadabra-bee0f.cloudfunctions.net/claimInstallBonus","satisfiesPzs":true,"satisfiesPzi":true},"stages":[{"name":"BUILD","message":"Reusing build","state":"COMPLETE","resource":"projects/901177243529/locations/southamerica-east1/builds/0eae158a-d55a-4adb-9a17-2917113fe0f5"},{"name":"SERVICE","message":"Updating Cloud Run service","state":"IN_PROGRESS","resource":"projects/appacadabra-bee0f/locations/southamerica-east1/services/claiminstallbonus","resourceUri":"https://console.cloud.google.com/run/detail/southamerica-east1/claiminstallbonus?project=appacadabra-bee0f","stateMessages":[{"severity":"INFO","type":"CloudRunServiceNewRevisionTrafficInfo","message":"A new revision will be deployed serving with 100% traffic."}]}],"sourceToken":"Cl5wcm9qZWN0cy85MDExNzcyNDM1MjkvbG9jYXRpb25zL3NvdXRoYW1lcmljYS1lYXN0MS9idWlsZHMvMGVhZTE1OGEtZDU1YS00YWRiLTlhMTctMjkxNzExM2ZlMGY1EoABc291dGhhbWVyaWNhLWVhc3QxLWRvY2tlci5wa2cuZGV2L2FwcGFjYWRhYnJhLWJlZTBmL2djZi1hcnRpZmFjdHMvYXBwYWNhZGFicmEtLWJlZTBmX19zb3V0aGFtZXJpY2EtLWVhc3QxX19hZGRfY3JlZGl0czp2ZXJzaW9uXzEYie/lkp0aIkxwcm9qZWN0cy9hcHBhY2FkYWJyYS1iZWUwZi9sb2NhdGlvbnMvc291dGhhbWVyaWNhLWVhc3QxL2Z1bmN0aW9ucy9hZGRDcmVkaXRzKgwIhoDSzQYQuIyvsQIyCG5vZGVqczIyOn0KI2djci5pby9nYWUtcnVudGltZXMvbm9kZWpzMjI6c3RhYmxlElZzb3V0aGFtZXJpY2EtZWFzdDEtZG9ja2VyLnBrZy5kZXYvc2VydmVybGVzcy1ydW50aW1lcy9nb29nbGUtMjItZnVsbC9ydW50aW1lcy9ub2RlanMyMkAB","operationType":"UPDATE_FUNCTION","buildName":"projects/901177243529/locations/southamerica-east1/builds/0eae158a-d55a-4adb-9a17-2917113fe0f5"},"done":false}
[debug] [2026-03-13T21:22:46.226Z] Got source token Cl5wcm9qZWN0cy85MDExNzcyNDM1MjkvbG9jYXRpb25zL3NvdXRoYW1lcmljYS1lYXN0MS9idWlsZHMvMGVhZTE1OGEtZDU1YS00YWRiLTlhMTctMjkxNzExM2ZlMGY1EoABc291dGhhbWVyaWNhLWVhc3QxLWRvY2tlci5wa2cuZGV2L2FwcGFjYWRhYnJhLWJlZTBmL2djZi1hcnRpZmFjdHMvYXBwYWNhZGFicmEtLWJlZTBmX19zb3V0aGFtZXJpY2EtLWVhc3QxX19hZGRfY3JlZGl0czp2ZXJzaW9uXzEYie/lkp0aIkxwcm9qZWN0cy9hcHBhY2FkYWJyYS1iZWUwZi9sb2NhdGlvbnMvc291dGhhbWVyaWNhLWVhc3QxL2Z1bmN0aW9ucy9hZGRDcmVkaXRzKgwIhoDSzQYQuIyvsQIyCG5vZGVqczIyOn0KI2djci5pby9nYWUtcnVudGltZXMvbm9kZWpzMjI6c3RhYmxlElZzb3V0aGFtZXJpY2EtZWFzdDEtZG9ja2VyLnBrZy5kZXYvc2VydmVybGVzcy1ydW50aW1lcy9nb29nbGUtMjItZnVsbC9ydW50aW1lcy9ub2RlanMyMkAB for region southamerica-east1
[debug] [2026-03-13T21:22:46.726Z] [update-default-southamerica-east1-claimInstallBonus] Retrying task index 0
[debug] [2026-03-13T21:22:46.726Z] Checked if tokens are valid: true, expires at: 1773440411892
[debug] [2026-03-13T21:22:46.726Z] Checked if tokens are valid: true, expires at: 1773440411892
[debug] [2026-03-13T21:22:46.726Z] >>> [apiv2][query] GET https://cloudfunctions.googleapis.com/v2/projects/appacadabra-bee0f/locations/southamerica-east1/operations/operation-1773436957563-64cee77e318a1-ed864114-98cf046c [none]
[debug] [2026-03-13T21:22:46.997Z] <<< [apiv2][status] GET https://cloudfunctions.googleapis.com/v2/projects/appacadabra-bee0f/locations/southamerica-east1/operations/operation-1773436957944-64cee77e8ebf8-7136b6f8-0cfbfbf3 200
[debug] [2026-03-13T21:22:46.997Z] <<< [apiv2][body] GET https://cloudfunctions.googleapis.com/v2/projects/appacadabra-bee0f/locations/southamerica-east1/operations/operation-1773436957944-64cee77e8ebf8-7136b6f8-0cfbfbf3 {"name":"projects/appacadabra-bee0f/locations/southamerica-east1/operations/operation-1773436957944-64cee77e8ebf8-7136b6f8-0cfbfbf3","metadata":{"@type":"type.googleapis.com/google.cloud.functions.v2.OperationMetadata","createTime":"2026-03-13T21:22:38.839129617Z","target":"projects/appacadabra-bee0f/locations/southamerica-east1/functions/estimateManaCost","verb":"update","cancelRequested":false,"apiVersion":"v2","requestResource":{"@type":"type.googleapis.com/google.cloud.functions.v2.Function","name":"projects/appacadabra-bee0f/locations/southamerica-east1/functions/estimateManaCost","buildConfig":{"runtime":"nodejs22","entryPoint":"estimateManaCost","source":{"storageSource":{"bucket":"gcf-v2-sources-901177243529-southamerica-east1","object":"estimateManaCost/function-source.zip","generation":"1773436958799283"}},"environmentVariables":{"GOOGLE_NODE_RUN_SCRIPTS":""},"dockerRepository":"projects/appacadabra-bee0f/locations/southamerica-east1/repositories/gcf-artifacts","sourceProvenance":{"resolvedStorageSource":{"bucket":"gcf-v2-sources-901177243529-southamerica-east1","object":"estimateManaCost/function-source.zip","generation":"1773357387891778"}},"dockerRegistry":"ARTIFACT_REGISTRY","sourceToken":"Cl5wcm9qZWN0cy85MDExNzcyNDM1MjkvbG9jYXRpb25zL3NvdXRoYW1lcmljYS1lYXN0MS9idWlsZHMvMGVhZTE1OGEtZDU1YS00YWRiLTlhMTctMjkxNzExM2ZlMGY1EoABc291dGhhbWVyaWNhLWVhc3QxLWRvY2tlci5wa2cuZGV2L2FwcGFjYWRhYnJhLWJlZTBmL2djZi1hcnRpZmFjdHMvYXBwYWNhZGFicmEtLWJlZTBmX19zb3V0aGFtZXJpY2EtLWVhc3QxX19hZGRfY3JlZGl0czp2ZXJzaW9uXzEYie/lkp0aIkxwcm9qZWN0cy9hcHBhY2FkYWJyYS1iZWUwZi9sb2NhdGlvbnMvc291dGhhbWVyaWNhLWVhc3QxL2Z1bmN0aW9ucy9hZGRDcmVkaXRzKgwIhoDSzQYQuIyvsQIyCG5vZGVqczIyOn0KI2djci5pby9nYWUtcnVudGltZXMvbm9kZWpzMjI6c3RhYmxlElZzb3V0aGFtZXJpY2EtZWFzdDEtZG9ja2VyLnBrZy5kZXYvc2VydmVybGVzcy1ydW50aW1lcy9nb29nbGUtMjItZnVsbC9ydW50aW1lcy9ub2RlanMyMkAB","serviceAccount":"projects/appacadabra-bee0f/serviceAccounts/901177243529-compute@developer.gserviceaccount.com","automaticUpdatePolicy":{}},"serviceConfig":{"service":"projects/appacadabra-bee0f/locations/southamerica-east1/services/estimatemanacost","timeoutSeconds":60,"environmentVariables":{"FIREBASE_CONFIG":"{\"projectId\":\"appacadabra-bee0f\",\"storageBucket\":\"appacadabra-bee0f.firebasestorage.app\"}","GCLOUD_PROJECT":"appacadabra-bee0f","EVENTARC_CLOUD_EVENT_SOURCE":"projects/appacadabra-bee0f/locations/southamerica-east1/services/estimateManaCost","FUNCTION_TARGET":"estimateManaCost","LOG_EXECUTION_ID":"true","FUNCTION_SIGNATURE_TYPE":"http"},"ingressSettings":"ALLOW_ALL","uri":"https://estimatemanacost-vuv5axgmbq-rj.a.run.app","serviceAccountEmail":"901177243529-compute@developer.gserviceaccount.com","availableMemory":"256Mi","allTrafficOnLatestRevision":true,"revision":"estimatemanacost-00001-xef","maxInstanceRequestConcurrency":80,"availableCpu":"1"},"state":"ACTIVE","labels":{"deployment-tool":"cli-firebase","deployment-callable":"true","firebase-functions-hash":"61b22a204447c9c732a614aeb093c8381a110d07"},"environment":"GEN_2","url":"https://southamerica-east1-appacadabra-bee0f.cloudfunctions.net/estimateManaCost","satisfiesPzs":true,"satisfiesPzi":true},"stages":[{"name":"BUILD","message":"Reusing build","state":"COMPLETE","resource":"projects/901177243529/locations/southamerica-east1/builds/0eae158a-d55a-4adb-9a17-2917113fe0f5"},{"name":"SERVICE","message":"Updating Cloud Run service","state":"IN_PROGRESS","resource":"projects/appacadabra-bee0f/locations/southamerica-east1/services/estimatemanacost","resourceUri":"https://console.cloud.google.com/run/detail/southamerica-east1/estimatemanacost?project=appacadabra-bee0f","stateMessages":[{"severity":"INFO","type":"CloudRunServiceNewRevisionTrafficInfo","message":"A new revision will be deployed serving with 100% traffic."}]}],"sourceToken":"Cl5wcm9qZWN0cy85MDExNzcyNDM1MjkvbG9jYXRpb25zL3NvdXRoYW1lcmljYS1lYXN0MS9idWlsZHMvMGVhZTE1OGEtZDU1YS00YWRiLTlhMTctMjkxNzExM2ZlMGY1EoABc291dGhhbWVyaWNhLWVhc3QxLWRvY2tlci5wa2cuZGV2L2FwcGFjYWRhYnJhLWJlZTBmL2djZi1hcnRpZmFjdHMvYXBwYWNhZGFicmEtLWJlZTBmX19zb3V0aGFtZXJpY2EtLWVhc3QxX19hZGRfY3JlZGl0czp2ZXJzaW9uXzEYie/lkp0aIkxwcm9qZWN0cy9hcHBhY2FkYWJyYS1iZWUwZi9sb2NhdGlvbnMvc291dGhhbWVyaWNhLWVhc3QxL2Z1bmN0aW9ucy9hZGRDcmVkaXRzKgwIhoDSzQYQuIyvsQIyCG5vZGVqczIyOn0KI2djci5pby9nYWUtcnVudGltZXMvbm9kZWpzMjI6c3RhYmxlElZzb3V0aGFtZXJpY2EtZWFzdDEtZG9ja2VyLnBrZy5kZXYvc2VydmVybGVzcy1ydW50aW1lcy9nb29nbGUtMjItZnVsbC9ydW50aW1lcy9ub2RlanMyMkAB","operationType":"UPDATE_FUNCTION","buildName":"projects/901177243529/locations/southamerica-east1/builds/0eae158a-d55a-4adb-9a17-2917113fe0f5"},"done":false}
[debug] [2026-03-13T21:22:46.997Z] Got source token Cl5wcm9qZWN0cy85MDExNzcyNDM1MjkvbG9jYXRpb25zL3NvdXRoYW1lcmljYS1lYXN0MS9idWlsZHMvMGVhZTE1OGEtZDU1YS00YWRiLTlhMTctMjkxNzExM2ZlMGY1EoABc291dGhhbWVyaWNhLWVhc3QxLWRvY2tlci5wa2cuZGV2L2FwcGFjYWRhYnJhLWJlZTBmL2djZi1hcnRpZmFjdHMvYXBwYWNhZGFicmEtLWJlZTBmX19zb3V0aGFtZXJpY2EtLWVhc3QxX19hZGRfY3JlZGl0czp2ZXJzaW9uXzEYie/lkp0aIkxwcm9qZWN0cy9hcHBhY2FkYWJyYS1iZWUwZi9sb2NhdGlvbnMvc291dGhhbWVyaWNhLWVhc3QxL2Z1bmN0aW9ucy9hZGRDcmVkaXRzKgwIhoDSzQYQuIyvsQIyCG5vZGVqczIyOn0KI2djci5pby9nYWUtcnVudGltZXMvbm9kZWpzMjI6c3RhYmxlElZzb3V0aGFtZXJpY2EtZWFzdDEtZG9ja2VyLnBrZy5kZXYvc2VydmVybGVzcy1ydW50aW1lcy9nb29nbGUtMjItZnVsbC9ydW50aW1lcy9ub2RlanMyMkAB for region southamerica-east1
[debug] [2026-03-13T21:22:47.146Z] <<< [apiv2][status] GET https://cloudfunctions.googleapis.com/v2/projects/appacadabra-bee0f/locations/southamerica-east1/operations/operation-1773436850115-64cee717b91c1-7e6a927a-282474f6 200
[debug] [2026-03-13T21:22:47.146Z] <<< [apiv2][body] GET https://cloudfunctions.googleapis.com/v2/projects/appacadabra-bee0f/locations/southamerica-east1/operations/operation-1773436850115-64cee717b91c1-7e6a927a-282474f6 {"name":"projects/appacadabra-bee0f/locations/southamerica-east1/operations/operation-1773436850115-64cee717b91c1-7e6a927a-282474f6","metadata":{"@type":"type.googleapis.com/google.cloud.functions.v2.OperationMetadata","createTime":"2026-03-13T21:20:51.210509536Z","endTime":"2026-03-13T21:22:34.183979118Z","target":"projects/appacadabra-bee0f/locations/southamerica-east1/functions/generateSpell","verb":"update","cancelRequested":false,"apiVersion":"v2","requestResource":{"@type":"type.googleapis.com/google.cloud.functions.v2.Function","name":"projects/appacadabra-bee0f/locations/southamerica-east1/functions/generateSpell","buildConfig":{"runtime":"nodejs22","entryPoint":"generateSpell","source":{"storageSource":{"bucket":"gcf-v2-sources-901177243529-southamerica-east1","object":"generateSpell/function-source.zip","generation":"1773436851164542"}},"environmentVariables":{"GOOGLE_NODE_RUN_SCRIPTS":""},"dockerRepository":"projects/appacadabra-bee0f/locations/southamerica-east1/repositories/gcf-artifacts","sourceProvenance":{"resolvedStorageSource":{"bucket":"gcf-v2-sources-901177243529-southamerica-east1","object":"generateSpell/function-source.zip","generation":"1773357388897582"}},"dockerRegistry":"ARTIFACT_REGISTRY","serviceAccount":"projects/appacadabra-bee0f/serviceAccounts/901177243529-compute@developer.gserviceaccount.com","automaticUpdatePolicy":{}},"serviceConfig":{"service":"projects/appacadabra-bee0f/locations/southamerica-east1/services/generatespell","timeoutSeconds":300,"environmentVariables":{"FIREBASE_CONFIG":"{\"projectId\":\"appacadabra-bee0f\",\"storageBucket\":\"appacadabra-bee0f.firebasestorage.app\"}","GCLOUD_PROJECT":"appacadabra-bee0f","EVENTARC_CLOUD_EVENT_SOURCE":"projects/appacadabra-bee0f/locations/southamerica-east1/services/generateSpell","FUNCTION_TARGET":"generateSpell","LOG_EXECUTION_ID":"true"},"ingressSettings":"ALLOW_ALL","uri":"https://generatespell-vuv5axgmbq-rj.a.run.app","serviceAccountEmail":"901177243529-compute@developer.gserviceaccount.com","availableMemory":"512Mi","allTrafficOnLatestRevision":true,"secretEnvironmentVariables":[{"key":"GEMINI_API_KEY","projectId":"appacadabra-bee0f","secret":"GEMINI_API_KEY","version":"2"}],"revision":"generatespell-00072-pul","maxInstanceRequestConcurrency":80,"availableCpu":"1"},"state":"ACTIVE","labels":{"deployment-tool":"cli-firebase","deployment-callable":"true","firebase-functions-hash":"1232314584414664f366e06b24d36300fc9f3097"},"environment":"GEN_2","url":"https://southamerica-east1-appacadabra-bee0f.cloudfunctions.net/generateSpell","satisfiesPzs":true,"satisfiesPzi":true},"stages":[{"name":"BUILD","message":"Build finished","state":"COMPLETE","resource":"projects/901177243529/locations/southamerica-east1/builds/bfe1703b-ab78-44b4-82f8-339f2e865d5f","resourceUri":"https://console.cloud.google.com/cloud-build/builds;region=southamerica-east1/bfe1703b-ab78-44b4-82f8-339f2e865d5f?project=901177243529"},{"name":"SERVICE","message":"Updating Cloud Run service","state":"COMPLETE","resource":"projects/appacadabra-bee0f/locations/southamerica-east1/services/generatespell","resourceUri":"https://console.cloud.google.com/run/detail/southamerica-east1/generatespell?project=appacadabra-bee0f","stateMessages":[{"severity":"INFO","type":"CloudRunServiceNewRevisionTrafficInfo","message":"A new revision will be deployed serving with 100% traffic."}]}],"sourceToken":"Cl5wcm9qZWN0cy85MDExNzcyNDM1MjkvbG9jYXRpb25zL3NvdXRoYW1lcmljYS1lYXN0MS9idWlsZHMvYmZlMTcwM2ItYWI3OC00NGI0LTgyZjgtMzM5ZjJlODY1ZDVmEoMBc291dGhhbWVyaWNhLWVhc3QxLWRvY2tlci5wa2cuZGV2L2FwcGFjYWRhYnJhLWJlZTBmL2djZi1hcnRpZmFjdHMvYXBwYWNhZGFicmEtLWJlZTBmX19zb3V0aGFtZXJpY2EtLWVhc3QxX19nZW5lcmF0ZV9zcGVsbDp2ZXJzaW9uXzEYie/lkp0aIk9wcm9qZWN0cy9hcHBhY2FkYWJyYS1iZWUwZi9sb2NhdGlvbnMvc291dGhhbWVyaWNhLWVhc3QxL2Z1bmN0aW9ucy9nZW5lcmF0ZVNwZWxsKgwIiIDSzQYQ2MbR+QEyCG5vZGVqczIyOn0KI2djci5pby9nYWUtcnVudGltZXMvbm9kZWpzMjI6c3RhYmxlElZzb3V0aGFtZXJpY2EtZWFzdDEtZG9ja2VyLnBrZy5kZXYvc2VydmVybGVzcy1ydW50aW1lcy9nb29nbGUtMjItZnVsbC9ydW50aW1lcy9ub2RlanMyMkAB","operationType":"UPDATE_FUNCTION","buildName":"projects/901177243529/locations/southamerica-east1/builds/bfe1703b-ab78-44b4-82f8-339f2e865d5f"},"done":true,"response":{"@type":"type.googleapis.com/google.cloud.functions.v2.Function","name":"projects/appacadabra-bee0f/locations/southamerica-east1/functions/generateSpell","buildConfig":{"build":"projects/901177243529/locations/southamerica-east1/builds/bfe1703b-ab78-44b4-82f8-339f2e865d5f","runtime":"nodejs22","entryPoint":"generateSpell","source":{"storageSource":{"bucket":"gcf-v2-sources-901177243529-southamerica-east1","object":"generateSpell/function-source.zip","generation":"1773436851164542"}},"environmentVariables":{"GOOGLE_NODE_RUN_SCRIPTS":""},"dockerRepository":"projects/appacadabra-bee0f/locations/southamerica-east1/repositories/gcf-artifacts","sourceProvenance":{"resolvedStorageSource":{"bucket":"gcf-v2-sources-901177243529-southamerica-east1","object":"generateSpell/function-source.zip","generation":"1773436851164542"}},"dockerRegistry":"ARTIFACT_REGISTRY","serviceAccount":"projects/appacadabra-bee0f/serviceAccounts/901177243529-compute@developer.gserviceaccount.com","automaticUpdatePolicy":{}},"serviceConfig":{"service":"projects/appacadabra-bee0f/locations/southamerica-east1/services/generatespell","timeoutSeconds":300,"environmentVariables":{"FIREBASE_CONFIG":"{\"projectId\":\"appacadabra-bee0f\",\"storageBucket\":\"appacadabra-bee0f.firebasestorage.app\"}","GCLOUD_PROJECT":"appacadabra-bee0f","EVENTARC_CLOUD_EVENT_SOURCE":"projects/appacadabra-bee0f/locations/southamerica-east1/services/generateSpell","FUNCTION_TARGET":"generateSpell","LOG_EXECUTION_ID":"true"},"maxInstanceCount":20,"ingressSettings":"ALLOW_ALL","uri":"https://generatespell-vuv5axgmbq-rj.a.run.app","serviceAccountEmail":"901177243529-compute@developer.gserviceaccount.com","availableMemory":"512Mi","allTrafficOnLatestRevision":true,"secretEnvironmentVariables":[{"key":"GEMINI_API_KEY","projectId":"appacadabra-bee0f","secret":"GEMINI_API_KEY","version":"2"}],"revision":"generatespell-00073-qis","maxInstanceRequestConcurrency":80,"availableCpu":"1"},"state":"ACTIVE","updateTime":"2026-03-13T21:20:51.212724249Z","labels":{"firebase-functions-hash":"1232314584414664f366e06b24d36300fc9f3097","deployment-tool":"cli-firebase","deployment-callable":"true"},"environment":"GEN_2","url":"https://southamerica-east1-appacadabra-bee0f.cloudfunctions.net/generateSpell","satisfiesPzs":true,"createTime":"2026-01-28T12:50:12.994051100Z","satisfiesPzi":true}}
[debug] [2026-03-13T21:22:47.147Z] Got source token Cl5wcm9qZWN0cy85MDExNzcyNDM1MjkvbG9jYXRpb25zL3NvdXRoYW1lcmljYS1lYXN0MS9idWlsZHMvYmZlMTcwM2ItYWI3OC00NGI0LTgyZjgtMzM5ZjJlODY1ZDVmEoMBc291dGhhbWVyaWNhLWVhc3QxLWRvY2tlci5wa2cuZGV2L2FwcGFjYWRhYnJhLWJlZTBmL2djZi1hcnRpZmFjdHMvYXBwYWNhZGFicmEtLWJlZTBmX19zb3V0aGFtZXJpY2EtLWVhc3QxX19nZW5lcmF0ZV9zcGVsbDp2ZXJzaW9uXzEYie/lkp0aIk9wcm9qZWN0cy9hcHBhY2FkYWJyYS1iZWUwZi9sb2NhdGlvbnMvc291dGhhbWVyaWNhLWVhc3QxL2Z1bmN0aW9ucy9nZW5lcmF0ZVNwZWxsKgwIiIDSzQYQ2MbR+QEyCG5vZGVqczIyOn0KI2djci5pby9nYWUtcnVudGltZXMvbm9kZWpzMjI6c3RhYmxlElZzb3V0aGFtZXJpY2EtZWFzdDEtZG9ja2VyLnBrZy5kZXYvc2VydmVybGVzcy1ydW50aW1lcy9nb29nbGUtMjItZnVsbC9ydW50aW1lcy9ub2RlanMyMkAB for region southamerica-east1
[debug] [2026-03-13T21:22:47.147Z] Checked if tokens are valid: true, expires at: 1773440411892
[debug] [2026-03-13T21:22:47.147Z] Checked if tokens are valid: true, expires at: 1773440411892
[debug] [2026-03-13T21:22:47.147Z] >>> [apiv2][query] PATCH https://cloudfunctions.googleapis.com/v2/projects/appacadabra-bee0f/locations/southamerica-east1/functions/processSpellJob updateMask=name%2CbuildConfig.runtime%2CbuildConfig.entryPoint%2CbuildConfig.source.storageSource.bucket%2CbuildConfig.source.storageSource.object%2CbuildConfig.environmentVariables%2CbuildConfig.sourceToken%2CserviceConfig.environmentVariables%2CserviceConfig.secretEnvironmentVariables%2CserviceConfig.ingressSettings%2CserviceConfig.timeoutSeconds%2CserviceConfig.serviceAccountEmail%2CserviceConfig.availableMemory%2CserviceConfig.minInstanceCount%2CserviceConfig.maxInstanceCount%2CserviceConfig.maxInstanceRequestConcurrency%2CserviceConfig.availableCpu%2CserviceConfig.vpcConnector%2CserviceConfig.vpcConnectorEgressSettings%2Clabels%2CeventTrigger.eventType%2CeventTrigger.retryPolicy%2CeventTrigger.eventFilters%2CeventTrigger.triggerRegion
[debug] [2026-03-13T21:22:47.148Z] >>> [apiv2][body] PATCH https://cloudfunctions.googleapis.com/v2/projects/appacadabra-bee0f/locations/southamerica-east1/functions/processSpellJob {"name":"projects/appacadabra-bee0f/locations/southamerica-east1/functions/processSpellJob","buildConfig":{"runtime":"nodejs22","entryPoint":"processSpellJob","source":{"storageSource":{"bucket":"gcf-v2-uploads-901177243529.southamerica-east1.cloudfunctions.appspot.com","object":"2f7ee4e8-11de-42b1-a95c-261f5ed86f08.zip"}},"environmentVariables":{"GOOGLE_NODE_RUN_SCRIPTS":""},"sourceToken":"Cl5wcm9qZWN0cy85MDExNzcyNDM1MjkvbG9jYXRpb25zL3NvdXRoYW1lcmljYS1lYXN0MS9idWlsZHMvYmZlMTcwM2ItYWI3OC00NGI0LTgyZjgtMzM5ZjJlODY1ZDVmEoMBc291dGhhbWVyaWNhLWVhc3QxLWRvY2tlci5wa2cuZGV2L2FwcGFjYWRhYnJhLWJlZTBmL2djZi1hcnRpZmFjdHMvYXBwYWNhZGFicmEtLWJlZTBmX19zb3V0aGFtZXJpY2EtLWVhc3QxX19nZW5lcmF0ZV9zcGVsbDp2ZXJzaW9uXzEYie/lkp0aIk9wcm9qZWN0cy9hcHBhY2FkYWJyYS1iZWUwZi9sb2NhdGlvbnMvc291dGhhbWVyaWNhLWVhc3QxL2Z1bmN0aW9ucy9nZW5lcmF0ZVNwZWxsKgwIiIDSzQYQ2MbR+QEyCG5vZGVqczIyOn0KI2djci5pby9nYWUtcnVudGltZXMvbm9kZWpzMjI6c3RhYmxlElZzb3V0aGFtZXJpY2EtZWFzdDEtZG9ja2VyLnBrZy5kZXYvc2VydmVybGVzcy1ydW50aW1lcy9nb29nbGUtMjItZnVsbC9ydW50aW1lcy9ub2RlanMyMkAB"},"serviceConfig":{"environmentVariables":{"FIREBASE_CONFIG":"{\"projectId\":\"appacadabra-bee0f\",\"storageBucket\":\"appacadabra-bee0f.firebasestorage.app\"}","GCLOUD_PROJECT":"appacadabra-bee0f","EVENTARC_CLOUD_EVENT_SOURCE":"projects/appacadabra-bee0f/locations/southamerica-east1/services/processSpellJob","FUNCTION_SIGNATURE_TYPE":"cloudevent","FUNCTION_TARGET":"processSpellJob","LOG_EXECUTION_ID":"true"},"secretEnvironmentVariables":[{"key":"GEMINI_API_KEY","secret":"GEMINI_API_KEY","projectId":"appacadabra-bee0f","version":"2"}],"ingressSettings":null,"timeoutSeconds":540,"serviceAccountEmail":null,"availableMemory":"512Mi","minInstanceCount":null,"maxInstanceCount":null,"maxInstanceRequestConcurrency":80,"availableCpu":"1","vpcConnector":null,"vpcConnectorEgressSettings":null},"labels":{"deployment-tool":"cli-firebase","firebase-functions-hash":"1232314584414664f366e06b24d36300fc9f3097"},"eventTrigger":{"eventType":"google.cloud.firestore.document.v1.created","retryPolicy":"RETRY_POLICY_DO_NOT_RETRY","eventFilters":[{"attribute":"database","value":"(default)"},{"attribute":"namespace","value":"(default)"},{"attribute":"document","value":"jobs/{jobId}","operator":"match-path-pattern"}],"triggerRegion":"southamerica-east1"}}
[info] +  functions[generateSpell(southamerica-east1)] Successful update operation. 
[debug] [2026-03-13T21:22:47.905Z] [update-default-southamerica-east1-uploadMedia] Retrying task index 0
[debug] [2026-03-13T21:22:47.906Z] Checked if tokens are valid: true, expires at: 1773440411892
[debug] [2026-03-13T21:22:47.906Z] Checked if tokens are valid: true, expires at: 1773440411892
[debug] [2026-03-13T21:22:47.906Z] >>> [apiv2][query] GET https://cloudfunctions.googleapis.com/v2/projects/appacadabra-bee0f/locations/southamerica-east1/operations/operation-1773436849978-64cee71797cbc-7102a3b4-2187735c [none]
[debug] [2026-03-13T21:22:48.313Z] <<< [apiv2][status] GET https://cloudfunctions.googleapis.com/v2/projects/appacadabra-bee0f/locations/southamerica-east1/operations/operation-1773436849978-64cee71797cbc-7102a3b4-2187735c 200
[debug] [2026-03-13T21:22:48.313Z] <<< [apiv2][body] GET https://cloudfunctions.googleapis.com/v2/projects/appacadabra-bee0f/locations/southamerica-east1/operations/operation-1773436849978-64cee71797cbc-7102a3b4-2187735c {"name":"projects/appacadabra-bee0f/locations/southamerica-east1/operations/operation-1773436849978-64cee71797cbc-7102a3b4-2187735c","metadata":{"@type":"type.googleapis.com/google.cloud.functions.v2.OperationMetadata","createTime":"2026-03-13T21:20:51.202791708Z","endTime":"2026-03-13T21:22:35.400213296Z","target":"projects/appacadabra-bee0f/locations/southamerica-east1/functions/uploadMedia","verb":"update","cancelRequested":false,"apiVersion":"v2","requestResource":{"@type":"type.googleapis.com/google.cloud.functions.v2.Function","name":"projects/appacadabra-bee0f/locations/southamerica-east1/functions/uploadMedia","buildConfig":{"runtime":"nodejs22","entryPoint":"uploadMedia","source":{"storageSource":{"bucket":"gcf-v2-sources-901177243529-southamerica-east1","object":"uploadMedia/function-source.zip","generation":"1773436851155541"}},"environmentVariables":{"GOOGLE_NODE_RUN_SCRIPTS":""},"dockerRepository":"projects/appacadabra-bee0f/locations/southamerica-east1/repositories/gcf-artifacts","sourceProvenance":{"resolvedStorageSource":{"bucket":"gcf-v2-sources-901177243529-southamerica-east1","object":"uploadMedia/function-source.zip","generation":"1773357388947581"}},"dockerRegistry":"ARTIFACT_REGISTRY","serviceAccount":"projects/appacadabra-bee0f/serviceAccounts/901177243529-compute@developer.gserviceaccount.com","automaticUpdatePolicy":{}},"serviceConfig":{"service":"projects/appacadabra-bee0f/locations/southamerica-east1/services/uploadmedia","timeoutSeconds":300,"environmentVariables":{"FIREBASE_CONFIG":"{\"projectId\":\"appacadabra-bee0f\",\"storageBucket\":\"appacadabra-bee0f.firebasestorage.app\"}","GCLOUD_PROJECT":"appacadabra-bee0f","EVENTARC_CLOUD_EVENT_SOURCE":"projects/appacadabra-bee0f/locations/southamerica-east1/services/uploadMedia","FUNCTION_TARGET":"uploadMedia","LOG_EXECUTION_ID":"true"},"ingressSettings":"ALLOW_ALL","uri":"https://uploadmedia-vuv5axgmbq-rj.a.run.app","serviceAccountEmail":"901177243529-compute@developer.gserviceaccount.com","availableMemory":"1024Mi","allTrafficOnLatestRevision":true,"revision":"uploadmedia-00010-fey","maxInstanceRequestConcurrency":80,"availableCpu":"1"},"state":"ACTIVE","labels":{"deployment-tool":"cli-firebase","deployment-callable":"true","firebase-functions-hash":"61b22a204447c9c732a614aeb093c8381a110d07"},"environment":"GEN_2","url":"https://southamerica-east1-appacadabra-bee0f.cloudfunctions.net/uploadMedia","satisfiesPzs":true,"satisfiesPzi":true},"stages":[{"name":"BUILD","message":"Build finished","state":"COMPLETE","resource":"projects/901177243529/locations/southamerica-east1/builds/85d13dec-eeb7-46a3-a941-3a30b4b77ead","resourceUri":"https://console.cloud.google.com/cloud-build/builds;region=southamerica-east1/85d13dec-eeb7-46a3-a941-3a30b4b77ead?project=901177243529"},{"name":"SERVICE","message":"Updating Cloud Run service","state":"COMPLETE","resource":"projects/appacadabra-bee0f/locations/southamerica-east1/services/uploadmedia","resourceUri":"https://console.cloud.google.com/run/detail/southamerica-east1/uploadmedia?project=appacadabra-bee0f","stateMessages":[{"severity":"INFO","type":"CloudRunServiceNewRevisionTrafficInfo","message":"A new revision will be deployed serving with 100% traffic."}]}],"sourceToken":"Cl5wcm9qZWN0cy85MDExNzcyNDM1MjkvbG9jYXRpb25zL3NvdXRoYW1lcmljYS1lYXN0MS9idWlsZHMvODVkMTNkZWMtZWViNy00NmEzLWE5NDEtM2EzMGI0Yjc3ZWFkEoEBc291dGhhbWVyaWNhLWVhc3QxLWRvY2tlci5wa2cuZGV2L2FwcGFjYWRhYnJhLWJlZTBmL2djZi1hcnRpZmFjdHMvYXBwYWNhZGFicmEtLWJlZTBmX19zb3V0aGFtZXJpY2EtLWVhc3QxX191cGxvYWRfbWVkaWE6dmVyc2lvbl8xGInv5ZKdGiJNcHJvamVjdHMvYXBwYWNhZGFicmEtYmVlMGYvbG9jYXRpb25zL3NvdXRoYW1lcmljYS1lYXN0MS9mdW5jdGlvbnMvdXBsb2FkTWVkaWEqDAj7/9HNBhD46dHBATIIbm9kZWpzMjI6fQojZ2NyLmlvL2dhZS1ydW50aW1lcy9ub2RlanMyMjpzdGFibGUSVnNvdXRoYW1lcmljYS1lYXN0MS1kb2NrZXIucGtnLmRldi9zZXJ2ZXJsZXNzLXJ1bnRpbWVzL2dvb2dsZS0yMi1mdWxsL3J1bnRpbWVzL25vZGVqczIyQAE=","operationType":"UPDATE_FUNCTION","buildName":"projects/901177243529/locations/southamerica-east1/builds/85d13dec-eeb7-46a3-a941-3a30b4b77ead"},"done":true,"response":{"@type":"type.googleapis.com/google.cloud.functions.v2.Function","name":"projects/appacadabra-bee0f/locations/southamerica-east1/functions/uploadMedia","buildConfig":{"build":"projects/901177243529/locations/southamerica-east1/builds/85d13dec-eeb7-46a3-a941-3a30b4b77ead","runtime":"nodejs22","entryPoint":"uploadMedia","source":{"storageSource":{"bucket":"gcf-v2-sources-901177243529-southamerica-east1","object":"uploadMedia/function-source.zip","generation":"1773436851155541"}},"environmentVariables":{"GOOGLE_NODE_RUN_SCRIPTS":""},"dockerRepository":"projects/appacadabra-bee0f/locations/southamerica-east1/repositories/gcf-artifacts","sourceProvenance":{"resolvedStorageSource":{"bucket":"gcf-v2-sources-901177243529-southamerica-east1","object":"uploadMedia/function-source.zip","generation":"1773436851155541"}},"dockerRegistry":"ARTIFACT_REGISTRY","serviceAccount":"projects/appacadabra-bee0f/serviceAccounts/901177243529-compute@developer.gserviceaccount.com","automaticUpdatePolicy":{}},"serviceConfig":{"service":"projects/appacadabra-bee0f/locations/southamerica-east1/services/uploadmedia","timeoutSeconds":300,"environmentVariables":{"FIREBASE_CONFIG":"{\"projectId\":\"appacadabra-bee0f\",\"storageBucket\":\"appacadabra-bee0f.firebasestorage.app\"}","GCLOUD_PROJECT":"appacadabra-bee0f","EVENTARC_CLOUD_EVENT_SOURCE":"projects/appacadabra-bee0f/locations/southamerica-east1/services/uploadMedia","FUNCTION_TARGET":"uploadMedia","LOG_EXECUTION_ID":"true"},"maxInstanceCount":20,"ingressSettings":"ALLOW_ALL","uri":"https://uploadmedia-vuv5axgmbq-rj.a.run.app","serviceAccountEmail":"901177243529-compute@developer.gserviceaccount.com","availableMemory":"1024Mi","allTrafficOnLatestRevision":true,"revision":"uploadmedia-00011-vux","maxInstanceRequestConcurrency":80,"availableCpu":"1"},"state":"ACTIVE","updateTime":"2026-03-13T21:20:51.205443058Z","labels":{"deployment-tool":"cli-firebase","deployment-callable":"true","firebase-functions-hash":"61b22a204447c9c732a614aeb093c8381a110d07"},"environment":"GEN_2","url":"https://southamerica-east1-appacadabra-bee0f.cloudfunctions.net/uploadMedia","satisfiesPzs":true,"createTime":"2026-03-07T01:34:30.274397214Z","satisfiesPzi":true}}
[debug] [2026-03-13T21:22:48.313Z] Got source token Cl5wcm9qZWN0cy85MDExNzcyNDM1MjkvbG9jYXRpb25zL3NvdXRoYW1lcmljYS1lYXN0MS9idWlsZHMvODVkMTNkZWMtZWViNy00NmEzLWE5NDEtM2EzMGI0Yjc3ZWFkEoEBc291dGhhbWVyaWNhLWVhc3QxLWRvY2tlci5wa2cuZGV2L2FwcGFjYWRhYnJhLWJlZTBmL2djZi1hcnRpZmFjdHMvYXBwYWNhZGFicmEtLWJlZTBmX19zb3V0aGFtZXJpY2EtLWVhc3QxX191cGxvYWRfbWVkaWE6dmVyc2lvbl8xGInv5ZKdGiJNcHJvamVjdHMvYXBwYWNhZGFicmEtYmVlMGYvbG9jYXRpb25zL3NvdXRoYW1lcmljYS1lYXN0MS9mdW5jdGlvbnMvdXBsb2FkTWVkaWEqDAj7/9HNBhD46dHBATIIbm9kZWpzMjI6fQojZ2NyLmlvL2dhZS1ydW50aW1lcy9ub2RlanMyMjpzdGFibGUSVnNvdXRoYW1lcmljYS1lYXN0MS1kb2NrZXIucGtnLmRldi9zZXJ2ZXJsZXNzLXJ1bnRpbWVzL2dvb2dsZS0yMi1mdWxsL3J1bnRpbWVzL25vZGVqczIyQAE= for region southamerica-east1
[info] +  functions[uploadMedia(southamerica-east1)] Successful update operation. 
[debug] [2026-03-13T21:22:48.666Z] <<< [apiv2][status] GET https://cloudfunctions.googleapis.com/v2/projects/appacadabra-bee0f/locations/southamerica-east1/operations/operation-1773436957563-64cee77e318a1-ed864114-98cf046c 200
[debug] [2026-03-13T21:22:48.666Z] <<< [apiv2][body] GET https://cloudfunctions.googleapis.com/v2/projects/appacadabra-bee0f/locations/southamerica-east1/operations/operation-1773436957563-64cee77e318a1-ed864114-98cf046c {"name":"projects/appacadabra-bee0f/locations/southamerica-east1/operations/operation-1773436957563-64cee77e318a1-ed864114-98cf046c","metadata":{"@type":"type.googleapis.com/google.cloud.functions.v2.OperationMetadata","createTime":"2026-03-13T21:22:38.527609838Z","endTime":"2026-03-13T21:22:48.089048276Z","target":"projects/appacadabra-bee0f/locations/southamerica-east1/functions/claimInstallBonus","verb":"update","cancelRequested":false,"apiVersion":"v2","requestResource":{"@type":"type.googleapis.com/google.cloud.functions.v2.Function","name":"projects/appacadabra-bee0f/locations/southamerica-east1/functions/claimInstallBonus","buildConfig":{"runtime":"nodejs22","entryPoint":"claimInstallBonus","source":{"storageSource":{"bucket":"gcf-v2-sources-901177243529-southamerica-east1","object":"claimInstallBonus/function-source.zip","generation":"1773436958484857"}},"environmentVariables":{"GOOGLE_NODE_RUN_SCRIPTS":""},"dockerRepository":"projects/appacadabra-bee0f/locations/southamerica-east1/repositories/gcf-artifacts","sourceProvenance":{"resolvedStorageSource":{"bucket":"gcf-v2-sources-901177243529-southamerica-east1","object":"claimInstallBonus/function-source.zip","generation":"1773357481947921"}},"dockerRegistry":"ARTIFACT_REGISTRY","sourceToken":"Cl5wcm9qZWN0cy85MDExNzcyNDM1MjkvbG9jYXRpb25zL3NvdXRoYW1lcmljYS1lYXN0MS9idWlsZHMvMGVhZTE1OGEtZDU1YS00YWRiLTlhMTctMjkxNzExM2ZlMGY1EoABc291dGhhbWVyaWNhLWVhc3QxLWRvY2tlci5wa2cuZGV2L2FwcGFjYWRhYnJhLWJlZTBmL2djZi1hcnRpZmFjdHMvYXBwYWNhZGFicmEtLWJlZTBmX19zb3V0aGFtZXJpY2EtLWVhc3QxX19hZGRfY3JlZGl0czp2ZXJzaW9uXzEYie/lkp0aIkxwcm9qZWN0cy9hcHBhY2FkYWJyYS1iZWUwZi9sb2NhdGlvbnMvc291dGhhbWVyaWNhLWVhc3QxL2Z1bmN0aW9ucy9hZGRDcmVkaXRzKgwIhoDSzQYQuIyvsQIyCG5vZGVqczIyOn0KI2djci5pby9nYWUtcnVudGltZXMvbm9kZWpzMjI6c3RhYmxlElZzb3V0aGFtZXJpY2EtZWFzdDEtZG9ja2VyLnBrZy5kZXYvc2VydmVybGVzcy1ydW50aW1lcy9nb29nbGUtMjItZnVsbC9ydW50aW1lcy9ub2RlanMyMkAB","serviceAccount":"projects/appacadabra-bee0f/serviceAccounts/901177243529-compute@developer.gserviceaccount.com","automaticUpdatePolicy":{}},"serviceConfig":{"service":"projects/appacadabra-bee0f/locations/southamerica-east1/services/claiminstallbonus","timeoutSeconds":60,"environmentVariables":{"FIREBASE_CONFIG":"{\"projectId\":\"appacadabra-bee0f\",\"storageBucket\":\"appacadabra-bee0f.firebasestorage.app\"}","GCLOUD_PROJECT":"appacadabra-bee0f","EVENTARC_CLOUD_EVENT_SOURCE":"projects/appacadabra-bee0f/locations/southamerica-east1/services/claimInstallBonus","FUNCTION_TARGET":"claimInstallBonus","LOG_EXECUTION_ID":"true","FUNCTION_SIGNATURE_TYPE":"http"},"ingressSettings":"ALLOW_ALL","uri":"https://claiminstallbonus-vuv5axgmbq-rj.a.run.app","serviceAccountEmail":"901177243529-compute@developer.gserviceaccount.com","availableMemory":"256Mi","allTrafficOnLatestRevision":true,"revision":"claiminstallbonus-00004-qaj","maxInstanceRequestConcurrency":80,"availableCpu":"1"},"state":"ACTIVE","labels":{"deployment-tool":"cli-firebase","deployment-callable":"true","firebase-functions-hash":"61b22a204447c9c732a614aeb093c8381a110d07"},"environment":"GEN_2","url":"https://southamerica-east1-appacadabra-bee0f.cloudfunctions.net/claimInstallBonus","satisfiesPzs":true,"satisfiesPzi":true},"stages":[{"name":"BUILD","message":"Reusing build","state":"COMPLETE","resource":"projects/901177243529/locations/southamerica-east1/builds/0eae158a-d55a-4adb-9a17-2917113fe0f5"},{"name":"SERVICE","message":"Updating Cloud Run service","state":"COMPLETE","resource":"projects/appacadabra-bee0f/locations/southamerica-east1/services/claiminstallbonus","resourceUri":"https://console.cloud.google.com/run/detail/southamerica-east1/claiminstallbonus?project=appacadabra-bee0f","stateMessages":[{"severity":"INFO","type":"CloudRunServiceNewRevisionTrafficInfo","message":"A new revision will be deployed serving with 100% traffic."}]}],"sourceToken":"Cl5wcm9qZWN0cy85MDExNzcyNDM1MjkvbG9jYXRpb25zL3NvdXRoYW1lcmljYS1lYXN0MS9idWlsZHMvMGVhZTE1OGEtZDU1YS00YWRiLTlhMTctMjkxNzExM2ZlMGY1EoABc291dGhhbWVyaWNhLWVhc3QxLWRvY2tlci5wa2cuZGV2L2FwcGFjYWRhYnJhLWJlZTBmL2djZi1hcnRpZmFjdHMvYXBwYWNhZGFicmEtLWJlZTBmX19zb3V0aGFtZXJpY2EtLWVhc3QxX19hZGRfY3JlZGl0czp2ZXJzaW9uXzEYie/lkp0aIkxwcm9qZWN0cy9hcHBhY2FkYWJyYS1iZWUwZi9sb2NhdGlvbnMvc291dGhhbWVyaWNhLWVhc3QxL2Z1bmN0aW9ucy9hZGRDcmVkaXRzKgwIhoDSzQYQuIyvsQIyCG5vZGVqczIyOn0KI2djci5pby9nYWUtcnVudGltZXMvbm9kZWpzMjI6c3RhYmxlElZzb3V0aGFtZXJpY2EtZWFzdDEtZG9ja2VyLnBrZy5kZXYvc2VydmVybGVzcy1ydW50aW1lcy9nb29nbGUtMjItZnVsbC9ydW50aW1lcy9ub2RlanMyMkAB","operationType":"UPDATE_FUNCTION","buildName":"projects/901177243529/locations/southamerica-east1/builds/0eae158a-d55a-4adb-9a17-2917113fe0f5"},"done":true,"response":{"@type":"type.googleapis.com/google.cloud.functions.v2.Function","name":"projects/appacadabra-bee0f/locations/southamerica-east1/functions/claimInstallBonus","buildConfig":{"build":"projects/901177243529/locations/southamerica-east1/builds/0eae158a-d55a-4adb-9a17-2917113fe0f5","runtime":"nodejs22","entryPoint":"claimInstallBonus","source":{"storageSource":{"bucket":"gcf-v2-sources-901177243529-southamerica-east1","object":"claimInstallBonus/function-source.zip","generation":"1773436958484857"}},"environmentVariables":{"GOOGLE_NODE_RUN_SCRIPTS":""},"dockerRepository":"projects/appacadabra-bee0f/locations/southamerica-east1/repositories/gcf-artifacts","sourceProvenance":{"resolvedStorageSource":{"bucket":"gcf-v2-sources-901177243529-southamerica-east1","object":"claimInstallBonus/function-source.zip","generation":"1773436958484857"}},"dockerRegistry":"ARTIFACT_REGISTRY","serviceAccount":"projects/appacadabra-bee0f/serviceAccounts/901177243529-compute@developer.gserviceaccount.com","automaticUpdatePolicy":{}},"serviceConfig":{"service":"projects/appacadabra-bee0f/locations/southamerica-east1/services/claiminstallbonus","timeoutSeconds":60,"environmentVariables":{"FIREBASE_CONFIG":"{\"projectId\":\"appacadabra-bee0f\",\"storageBucket\":\"appacadabra-bee0f.firebasestorage.app\"}","GCLOUD_PROJECT":"appacadabra-bee0f","EVENTARC_CLOUD_EVENT_SOURCE":"projects/appacadabra-bee0f/locations/southamerica-east1/services/claimInstallBonus","FUNCTION_TARGET":"claimInstallBonus","LOG_EXECUTION_ID":"true","FUNCTION_SIGNATURE_TYPE":"http"},"maxInstanceCount":20,"ingressSettings":"ALLOW_ALL","uri":"https://claiminstallbonus-vuv5axgmbq-rj.a.run.app","serviceAccountEmail":"901177243529-compute@developer.gserviceaccount.com","availableMemory":"256Mi","allTrafficOnLatestRevision":true,"revision":"claiminstallbonus-00005-zux","maxInstanceRequestConcurrency":80,"availableCpu":"1"},"state":"ACTIVE","updateTime":"2026-03-13T21:22:38.529398688Z","labels":{"deployment-tool":"cli-firebase","deployment-callable":"true","firebase-functions-hash":"61b22a204447c9c732a614aeb093c8381a110d07"},"environment":"GEN_2","url":"https://southamerica-east1-appacadabra-bee0f.cloudfunctions.net/claimInstallBonus","satisfiesPzs":true,"createTime":"2026-03-12T00:08:16.868720765Z","satisfiesPzi":true}}
[debug] [2026-03-13T21:22:48.667Z] Got source token Cl5wcm9qZWN0cy85MDExNzcyNDM1MjkvbG9jYXRpb25zL3NvdXRoYW1lcmljYS1lYXN0MS9idWlsZHMvMGVhZTE1OGEtZDU1YS00YWRiLTlhMTctMjkxNzExM2ZlMGY1EoABc291dGhhbWVyaWNhLWVhc3QxLWRvY2tlci5wa2cuZGV2L2FwcGFjYWRhYnJhLWJlZTBmL2djZi1hcnRpZmFjdHMvYXBwYWNhZGFicmEtLWJlZTBmX19zb3V0aGFtZXJpY2EtLWVhc3QxX19hZGRfY3JlZGl0czp2ZXJzaW9uXzEYie/lkp0aIkxwcm9qZWN0cy9hcHBhY2FkYWJyYS1iZWUwZi9sb2NhdGlvbnMvc291dGhhbWVyaWNhLWVhc3QxL2Z1bmN0aW9ucy9hZGRDcmVkaXRzKgwIhoDSzQYQuIyvsQIyCG5vZGVqczIyOn0KI2djci5pby9nYWUtcnVudGltZXMvbm9kZWpzMjI6c3RhYmxlElZzb3V0aGFtZXJpY2EtZWFzdDEtZG9ja2VyLnBrZy5kZXYvc2VydmVybGVzcy1ydW50aW1lcy9nb29nbGUtMjItZnVsbC9ydW50aW1lcy9ub2RlanMyMkAB for region southamerica-east1
[info] +  functions[claimInstallBonus(southamerica-east1)] Successful update operation. 
[debug] [2026-03-13T21:22:49.001Z] [update-default-southamerica-east1-estimateManaCost] Retrying task index 0
[debug] [2026-03-13T21:22:49.001Z] Checked if tokens are valid: true, expires at: 1773440411892
[debug] [2026-03-13T21:22:49.001Z] Checked if tokens are valid: true, expires at: 1773440411892
[debug] [2026-03-13T21:22:49.001Z] >>> [apiv2][query] GET https://cloudfunctions.googleapis.com/v2/projects/appacadabra-bee0f/locations/southamerica-east1/operations/operation-1773436957944-64cee77e8ebf8-7136b6f8-0cfbfbf3 [none]
[debug] [2026-03-13T21:22:49.538Z] <<< [apiv2][status] GET https://cloudfunctions.googleapis.com/v2/projects/appacadabra-bee0f/locations/southamerica-east1/operations/operation-1773436957944-64cee77e8ebf8-7136b6f8-0cfbfbf3 200
[debug] [2026-03-13T21:22:49.538Z] <<< [apiv2][body] GET https://cloudfunctions.googleapis.com/v2/projects/appacadabra-bee0f/locations/southamerica-east1/operations/operation-1773436957944-64cee77e8ebf8-7136b6f8-0cfbfbf3 {"name":"projects/appacadabra-bee0f/locations/southamerica-east1/operations/operation-1773436957944-64cee77e8ebf8-7136b6f8-0cfbfbf3","metadata":{"@type":"type.googleapis.com/google.cloud.functions.v2.OperationMetadata","createTime":"2026-03-13T21:22:38.839129617Z","endTime":"2026-03-13T21:22:47.497403938Z","target":"projects/appacadabra-bee0f/locations/southamerica-east1/functions/estimateManaCost","verb":"update","cancelRequested":false,"apiVersion":"v2","requestResource":{"@type":"type.googleapis.com/google.cloud.functions.v2.Function","name":"projects/appacadabra-bee0f/locations/southamerica-east1/functions/estimateManaCost","buildConfig":{"runtime":"nodejs22","entryPoint":"estimateManaCost","source":{"storageSource":{"bucket":"gcf-v2-sources-901177243529-southamerica-east1","object":"estimateManaCost/function-source.zip","generation":"1773436958799283"}},"environmentVariables":{"GOOGLE_NODE_RUN_SCRIPTS":""},"dockerRepository":"projects/appacadabra-bee0f/locations/southamerica-east1/repositories/gcf-artifacts","sourceProvenance":{"resolvedStorageSource":{"bucket":"gcf-v2-sources-901177243529-southamerica-east1","object":"estimateManaCost/function-source.zip","generation":"1773357387891778"}},"dockerRegistry":"ARTIFACT_REGISTRY","sourceToken":"Cl5wcm9qZWN0cy85MDExNzcyNDM1MjkvbG9jYXRpb25zL3NvdXRoYW1lcmljYS1lYXN0MS9idWlsZHMvMGVhZTE1OGEtZDU1YS00YWRiLTlhMTctMjkxNzExM2ZlMGY1EoABc291dGhhbWVyaWNhLWVhc3QxLWRvY2tlci5wa2cuZGV2L2FwcGFjYWRhYnJhLWJlZTBmL2djZi1hcnRpZmFjdHMvYXBwYWNhZGFicmEtLWJlZTBmX19zb3V0aGFtZXJpY2EtLWVhc3QxX19hZGRfY3JlZGl0czp2ZXJzaW9uXzEYie/lkp0aIkxwcm9qZWN0cy9hcHBhY2FkYWJyYS1iZWUwZi9sb2NhdGlvbnMvc291dGhhbWVyaWNhLWVhc3QxL2Z1bmN0aW9ucy9hZGRDcmVkaXRzKgwIhoDSzQYQuIyvsQIyCG5vZGVqczIyOn0KI2djci5pby9nYWUtcnVudGltZXMvbm9kZWpzMjI6c3RhYmxlElZzb3V0aGFtZXJpY2EtZWFzdDEtZG9ja2VyLnBrZy5kZXYvc2VydmVybGVzcy1ydW50aW1lcy9nb29nbGUtMjItZnVsbC9ydW50aW1lcy9ub2RlanMyMkAB","serviceAccount":"projects/appacadabra-bee0f/serviceAccounts/901177243529-compute@developer.gserviceaccount.com","automaticUpdatePolicy":{}},"serviceConfig":{"service":"projects/appacadabra-bee0f/locations/southamerica-east1/services/estimatemanacost","timeoutSeconds":60,"environmentVariables":{"FIREBASE_CONFIG":"{\"projectId\":\"appacadabra-bee0f\",\"storageBucket\":\"appacadabra-bee0f.firebasestorage.app\"}","GCLOUD_PROJECT":"appacadabra-bee0f","EVENTARC_CLOUD_EVENT_SOURCE":"projects/appacadabra-bee0f/locations/southamerica-east1/services/estimateManaCost","FUNCTION_TARGET":"estimateManaCost","LOG_EXECUTION_ID":"true","FUNCTION_SIGNATURE_TYPE":"http"},"ingressSettings":"ALLOW_ALL","uri":"https://estimatemanacost-vuv5axgmbq-rj.a.run.app","serviceAccountEmail":"901177243529-compute@developer.gserviceaccount.com","availableMemory":"256Mi","allTrafficOnLatestRevision":true,"revision":"estimatemanacost-00001-xef","maxInstanceRequestConcurrency":80,"availableCpu":"1"},"state":"ACTIVE","labels":{"deployment-tool":"cli-firebase","deployment-callable":"true","firebase-functions-hash":"61b22a204447c9c732a614aeb093c8381a110d07"},"environment":"GEN_2","url":"https://southamerica-east1-appacadabra-bee0f.cloudfunctions.net/estimateManaCost","satisfiesPzs":true,"satisfiesPzi":true},"stages":[{"name":"BUILD","message":"Reusing build","state":"COMPLETE","resource":"projects/901177243529/locations/southamerica-east1/builds/0eae158a-d55a-4adb-9a17-2917113fe0f5"},{"name":"SERVICE","message":"Updating Cloud Run service","state":"COMPLETE","resource":"projects/appacadabra-bee0f/locations/southamerica-east1/services/estimatemanacost","resourceUri":"https://console.cloud.google.com/run/detail/southamerica-east1/estimatemanacost?project=appacadabra-bee0f","stateMessages":[{"severity":"INFO","type":"CloudRunServiceNewRevisionTrafficInfo","message":"A new revision will be deployed serving with 100% traffic."}]}],"sourceToken":"Cl5wcm9qZWN0cy85MDExNzcyNDM1MjkvbG9jYXRpb25zL3NvdXRoYW1lcmljYS1lYXN0MS9idWlsZHMvMGVhZTE1OGEtZDU1YS00YWRiLTlhMTctMjkxNzExM2ZlMGY1EoABc291dGhhbWVyaWNhLWVhc3QxLWRvY2tlci5wa2cuZGV2L2FwcGFjYWRhYnJhLWJlZTBmL2djZi1hcnRpZmFjdHMvYXBwYWNhZGFicmEtLWJlZTBmX19zb3V0aGFtZXJpY2EtLWVhc3QxX19hZGRfY3JlZGl0czp2ZXJzaW9uXzEYie/lkp0aIkxwcm9qZWN0cy9hcHBhY2FkYWJyYS1iZWUwZi9sb2NhdGlvbnMvc291dGhhbWVyaWNhLWVhc3QxL2Z1bmN0aW9ucy9hZGRDcmVkaXRzKgwIhoDSzQYQuIyvsQIyCG5vZGVqczIyOn0KI2djci5pby9nYWUtcnVudGltZXMvbm9kZWpzMjI6c3RhYmxlElZzb3V0aGFtZXJpY2EtZWFzdDEtZG9ja2VyLnBrZy5kZXYvc2VydmVybGVzcy1ydW50aW1lcy9nb29nbGUtMjItZnVsbC9ydW50aW1lcy9ub2RlanMyMkAB","operationType":"UPDATE_FUNCTION","buildName":"projects/901177243529/locations/southamerica-east1/builds/0eae158a-d55a-4adb-9a17-2917113fe0f5"},"done":true,"response":{"@type":"type.googleapis.com/google.cloud.functions.v2.Function","name":"projects/appacadabra-bee0f/locations/southamerica-east1/functions/estimateManaCost","buildConfig":{"build":"projects/901177243529/locations/southamerica-east1/builds/0eae158a-d55a-4adb-9a17-2917113fe0f5","runtime":"nodejs22","entryPoint":"estimateManaCost","source":{"storageSource":{"bucket":"gcf-v2-sources-901177243529-southamerica-east1","object":"estimateManaCost/function-source.zip","generation":"1773436958799283"}},"environmentVariables":{"GOOGLE_NODE_RUN_SCRIPTS":""},"dockerRepository":"projects/appacadabra-bee0f/locations/southamerica-east1/repositories/gcf-artifacts","sourceProvenance":{"resolvedStorageSource":{"bucket":"gcf-v2-sources-901177243529-southamerica-east1","object":"estimateManaCost/function-source.zip","generation":"1773436958799283"}},"dockerRegistry":"ARTIFACT_REGISTRY","serviceAccount":"projects/appacadabra-bee0f/serviceAccounts/901177243529-compute@developer.gserviceaccount.com","automaticUpdatePolicy":{}},"serviceConfig":{"service":"projects/appacadabra-bee0f/locations/southamerica-east1/services/estimatemanacost","timeoutSeconds":60,"environmentVariables":{"FIREBASE_CONFIG":"{\"projectId\":\"appacadabra-bee0f\",\"storageBucket\":\"appacadabra-bee0f.firebasestorage.app\"}","GCLOUD_PROJECT":"appacadabra-bee0f","EVENTARC_CLOUD_EVENT_SOURCE":"projects/appacadabra-bee0f/locations/southamerica-east1/services/estimateManaCost","FUNCTION_TARGET":"estimateManaCost","LOG_EXECUTION_ID":"true","FUNCTION_SIGNATURE_TYPE":"http"},"maxInstanceCount":20,"ingressSettings":"ALLOW_ALL","uri":"https://estimatemanacost-vuv5axgmbq-rj.a.run.app","serviceAccountEmail":"901177243529-compute@developer.gserviceaccount.com","availableMemory":"256Mi","allTrafficOnLatestRevision":true,"revision":"estimatemanacost-00002-doz","maxInstanceRequestConcurrency":80,"availableCpu":"1"},"state":"ACTIVE","updateTime":"2026-03-13T21:22:38.840617387Z","labels":{"deployment-tool":"cli-firebase","deployment-callable":"true","firebase-functions-hash":"61b22a204447c9c732a614aeb093c8381a110d07"},"environment":"GEN_2","url":"https://southamerica-east1-appacadabra-bee0f.cloudfunctions.net/estimateManaCost","satisfiesPzs":true,"createTime":"2026-03-12T23:16:28.385024427Z","satisfiesPzi":true}}
[debug] [2026-03-13T21:22:49.538Z] Got source token Cl5wcm9qZWN0cy85MDExNzcyNDM1MjkvbG9jYXRpb25zL3NvdXRoYW1lcmljYS1lYXN0MS9idWlsZHMvMGVhZTE1OGEtZDU1YS00YWRiLTlhMTctMjkxNzExM2ZlMGY1EoABc291dGhhbWVyaWNhLWVhc3QxLWRvY2tlci5wa2cuZGV2L2FwcGFjYWRhYnJhLWJlZTBmL2djZi1hcnRpZmFjdHMvYXBwYWNhZGFicmEtLWJlZTBmX19zb3V0aGFtZXJpY2EtLWVhc3QxX19hZGRfY3JlZGl0czp2ZXJzaW9uXzEYie/lkp0aIkxwcm9qZWN0cy9hcHBhY2FkYWJyYS1iZWUwZi9sb2NhdGlvbnMvc291dGhhbWVyaWNhLWVhc3QxL2Z1bmN0aW9ucy9hZGRDcmVkaXRzKgwIhoDSzQYQuIyvsQIyCG5vZGVqczIyOn0KI2djci5pby9nYWUtcnVudGltZXMvbm9kZWpzMjI6c3RhYmxlElZzb3V0aGFtZXJpY2EtZWFzdDEtZG9ja2VyLnBrZy5kZXYvc2VydmVybGVzcy1ydW50aW1lcy9nb29nbGUtMjItZnVsbC9ydW50aW1lcy9ub2RlanMyMkAB for region southamerica-east1
[info] +  functions[estimateManaCost(southamerica-east1)] Successful update operation. 
[debug] [2026-03-13T21:22:49.775Z] <<< [apiv2][status] PATCH https://cloudfunctions.googleapis.com/v2/projects/appacadabra-bee0f/locations/southamerica-east1/functions/processSpellJob 200
[debug] [2026-03-13T21:22:49.775Z] <<< [apiv2][body] PATCH https://cloudfunctions.googleapis.com/v2/projects/appacadabra-bee0f/locations/southamerica-east1/functions/processSpellJob {"name":"projects/appacadabra-bee0f/locations/southamerica-east1/operations/operation-1773436968834-64cee788f1754-3c58aa71-a67e4c9c","metadata":{"@type":"type.googleapis.com/google.cloud.functions.v2.OperationMetadata","createTime":"2026-03-13T21:22:50.003648600Z","target":"projects/appacadabra-bee0f/locations/southamerica-east1/functions/processSpellJob","verb":"update","cancelRequested":false,"apiVersion":"v2"},"done":false}
[debug] [2026-03-13T21:22:49.776Z] Checked if tokens are valid: true, expires at: 1773440411892
[debug] [2026-03-13T21:22:49.776Z] Checked if tokens are valid: true, expires at: 1773440411892
[debug] [2026-03-13T21:22:49.776Z] >>> [apiv2][query] GET https://cloudfunctions.googleapis.com/v2/projects/appacadabra-bee0f/locations/southamerica-east1/operations/operation-1773436968834-64cee788f1754-3c58aa71-a67e4c9c [none]
[debug] [2026-03-13T21:22:50.185Z] <<< [apiv2][status] GET https://cloudfunctions.googleapis.com/v2/projects/appacadabra-bee0f/locations/southamerica-east1/operations/operation-1773436968834-64cee788f1754-3c58aa71-a67e4c9c 200
[debug] [2026-03-13T21:22:50.185Z] <<< [apiv2][body] GET https://cloudfunctions.googleapis.com/v2/projects/appacadabra-bee0f/locations/southamerica-east1/operations/operation-1773436968834-64cee788f1754-3c58aa71-a67e4c9c {"name":"projects/appacadabra-bee0f/locations/southamerica-east1/operations/operation-1773436968834-64cee788f1754-3c58aa71-a67e4c9c","metadata":{"@type":"type.googleapis.com/google.cloud.functions.v2.OperationMetadata","createTime":"2026-03-13T21:22:50.003648600Z","target":"projects/appacadabra-bee0f/locations/southamerica-east1/functions/processSpellJob","verb":"update","cancelRequested":false,"apiVersion":"v2","requestResource":{"@type":"type.googleapis.com/google.cloud.functions.v2.Function","name":"projects/appacadabra-bee0f/locations/southamerica-east1/functions/processSpellJob","buildConfig":{"runtime":"nodejs22","entryPoint":"processSpellJob","source":{"storageSource":{"bucket":"gcf-v2-sources-901177243529-southamerica-east1","object":"processSpellJob/function-source.zip","generation":"1773436969965444"}},"environmentVariables":{"GOOGLE_NODE_RUN_SCRIPTS":""},"dockerRepository":"projects/appacadabra-bee0f/locations/southamerica-east1/repositories/gcf-artifacts","sourceProvenance":{"resolvedStorageSource":{"bucket":"gcf-v2-sources-901177243529-southamerica-east1","object":"processSpellJob/function-source.zip","generation":"1773357461420770"}},"dockerRegistry":"ARTIFACT_REGISTRY","sourceToken":"Cl5wcm9qZWN0cy85MDExNzcyNDM1MjkvbG9jYXRpb25zL3NvdXRoYW1lcmljYS1lYXN0MS9idWlsZHMvYmZlMTcwM2ItYWI3OC00NGI0LTgyZjgtMzM5ZjJlODY1ZDVmEoMBc291dGhhbWVyaWNhLWVhc3QxLWRvY2tlci5wa2cuZGV2L2FwcGFjYWRhYnJhLWJlZTBmL2djZi1hcnRpZmFjdHMvYXBwYWNhZGFicmEtLWJlZTBmX19zb3V0aGFtZXJpY2EtLWVhc3QxX19nZW5lcmF0ZV9zcGVsbDp2ZXJzaW9uXzEYie/lkp0aIk9wcm9qZWN0cy9hcHBhY2FkYWJyYS1iZWUwZi9sb2NhdGlvbnMvc291dGhhbWVyaWNhLWVhc3QxL2Z1bmN0aW9ucy9nZW5lcmF0ZVNwZWxsKgwIiIDSzQYQ2MbR+QEyCG5vZGVqczIyOn0KI2djci5pby9nYWUtcnVudGltZXMvbm9kZWpzMjI6c3RhYmxlElZzb3V0aGFtZXJpY2EtZWFzdDEtZG9ja2VyLnBrZy5kZXYvc2VydmVybGVzcy1ydW50aW1lcy9nb29nbGUtMjItZnVsbC9ydW50aW1lcy9ub2RlanMyMkAB","serviceAccount":"projects/appacadabra-bee0f/serviceAccounts/901177243529-compute@developer.gserviceaccount.com","automaticUpdatePolicy":{}},"serviceConfig":{"service":"projects/appacadabra-bee0f/locations/southamerica-east1/services/processspelljob","timeoutSeconds":540,"environmentVariables":{"FIREBASE_CONFIG":"{\"projectId\":\"appacadabra-bee0f\",\"storageBucket\":\"appacadabra-bee0f.firebasestorage.app\"}","GCLOUD_PROJECT":"appacadabra-bee0f","EVENTARC_CLOUD_EVENT_SOURCE":"projects/appacadabra-bee0f/locations/southamerica-east1/services/processSpellJob","FUNCTION_SIGNATURE_TYPE":"cloudevent","FUNCTION_TARGET":"processSpellJob","LOG_EXECUTION_ID":"true"},"ingressSettings":"ALLOW_ALL","uri":"https://processspelljob-vuv5axgmbq-rj.a.run.app","serviceAccountEmail":"901177243529-compute@developer.gserviceaccount.com","availableMemory":"512Mi","allTrafficOnLatestRevision":true,"secretEnvironmentVariables":[{"key":"GEMINI_API_KEY","projectId":"appacadabra-bee0f","secret":"GEMINI_API_KEY","version":"2"}],"revision":"processspelljob-00072-mom","maxInstanceRequestConcurrency":80,"availableCpu":"1"},"eventTrigger":{"trigger":"projects/appacadabra-bee0f/locations/southamerica-east1/triggers/processspelljob-001989","triggerRegion":"southamerica-east1","eventType":"google.cloud.firestore.document.v1.created","eventFilters":[{"attribute":"database","value":"(default)"},{"attribute":"namespace","value":"(default)"},{"attribute":"document","value":"jobs/{jobId}","operator":"match-path-pattern"}],"pubsubTopic":"projects/appacadabra-bee0f/topics/eventarc-southamerica-east1-processspelljob-001989-254","serviceAccountEmail":"901177243529-compute@developer.gserviceaccount.com","retryPolicy":"RETRY_POLICY_DO_NOT_RETRY"},"state":"ACTIVE","labels":{"deployment-tool":"cli-firebase","firebase-functions-hash":"1232314584414664f366e06b24d36300fc9f3097"},"environment":"GEN_2","url":"https://southamerica-east1-appacadabra-bee0f.cloudfunctions.net/processSpellJob","satisfiesPzs":true,"satisfiesPzi":true},"stages":[{"name":"BUILD","message":"Reusing build","state":"COMPLETE","resource":"projects/901177243529/locations/southamerica-east1/builds/bfe1703b-ab78-44b4-82f8-339f2e865d5f"},{"name":"SERVICE","state":"NOT_STARTED"},{"name":"TRIGGER","state":"NOT_STARTED"}],"sourceToken":"Cl5wcm9qZWN0cy85MDExNzcyNDM1MjkvbG9jYXRpb25zL3NvdXRoYW1lcmljYS1lYXN0MS9idWlsZHMvYmZlMTcwM2ItYWI3OC00NGI0LTgyZjgtMzM5ZjJlODY1ZDVmEoMBc291dGhhbWVyaWNhLWVhc3QxLWRvY2tlci5wa2cuZGV2L2FwcGFjYWRhYnJhLWJlZTBmL2djZi1hcnRpZmFjdHMvYXBwYWNhZGFicmEtLWJlZTBmX19zb3V0aGFtZXJpY2EtLWVhc3QxX19nZW5lcmF0ZV9zcGVsbDp2ZXJzaW9uXzEYie/lkp0aIk9wcm9qZWN0cy9hcHBhY2FkYWJyYS1iZWUwZi9sb2NhdGlvbnMvc291dGhhbWVyaWNhLWVhc3QxL2Z1bmN0aW9ucy9nZW5lcmF0ZVNwZWxsKgwIiIDSzQYQ2MbR+QEyCG5vZGVqczIyOn0KI2djci5pby9nYWUtcnVudGltZXMvbm9kZWpzMjI6c3RhYmxlElZzb3V0aGFtZXJpY2EtZWFzdDEtZG9ja2VyLnBrZy5kZXYvc2VydmVybGVzcy1ydW50aW1lcy9nb29nbGUtMjItZnVsbC9ydW50aW1lcy9ub2RlanMyMkAB","operationType":"UPDATE_FUNCTION","buildName":"projects/901177243529/locations/southamerica-east1/builds/bfe1703b-ab78-44b4-82f8-339f2e865d5f"},"done":false}
[debug] [2026-03-13T21:22:50.185Z] Got source token Cl5wcm9qZWN0cy85MDExNzcyNDM1MjkvbG9jYXRpb25zL3NvdXRoYW1lcmljYS1lYXN0MS9idWlsZHMvYmZlMTcwM2ItYWI3OC00NGI0LTgyZjgtMzM5ZjJlODY1ZDVmEoMBc291dGhhbWVyaWNhLWVhc3QxLWRvY2tlci5wa2cuZGV2L2FwcGFjYWRhYnJhLWJlZTBmL2djZi1hcnRpZmFjdHMvYXBwYWNhZGFicmEtLWJlZTBmX19zb3V0aGFtZXJpY2EtLWVhc3QxX19nZW5lcmF0ZV9zcGVsbDp2ZXJzaW9uXzEYie/lkp0aIk9wcm9qZWN0cy9hcHBhY2FkYWJyYS1iZWUwZi9sb2NhdGlvbnMvc291dGhhbWVyaWNhLWVhc3QxL2Z1bmN0aW9ucy9nZW5lcmF0ZVNwZWxsKgwIiIDSzQYQ2MbR+QEyCG5vZGVqczIyOn0KI2djci5pby9nYWUtcnVudGltZXMvbm9kZWpzMjI6c3RhYmxlElZzb3V0aGFtZXJpY2EtZWFzdDEtZG9ja2VyLnBrZy5kZXYvc2VydmVybGVzcy1ydW50aW1lcy9nb29nbGUtMjItZnVsbC9ydW50aW1lcy9ub2RlanMyMkAB for region southamerica-east1
[debug] [2026-03-13T21:22:50.698Z] [update-default-southamerica-east1-processSpellJob] Retrying task index 0
[debug] [2026-03-13T21:22:50.700Z] Checked if tokens are valid: true, expires at: 1773440411892
[debug] [2026-03-13T21:22:50.701Z] Checked if tokens are valid: true, expires at: 1773440411892
[debug] [2026-03-13T21:22:50.701Z] >>> [apiv2][query] GET https://cloudfunctions.googleapis.com/v2/projects/appacadabra-bee0f/locations/southamerica-east1/operations/operation-1773436968834-64cee788f1754-3c58aa71-a67e4c9c [none]
[debug] [2026-03-13T21:23:09.927Z] *** [apiv2] error from fetch(https://cloudfunctions.googleapis.com/v2/projects/appacadabra-bee0f/locations/southamerica-east1/operations/operation-1773436968834-64cee788f1754-3c58aa71-a67e4c9c, {"headers":{},"method":"GET"}): FetchError: request to https://cloudfunctions.googleapis.com/v2/projects/appacadabra-bee0f/locations/southamerica-east1/operations/operation-1773436968834-64cee788f1754-3c58aa71-a67e4c9c failed, reason: read ECONNRESET
[debug] [2026-03-13T21:23:10.941Z] [update-default-southamerica-east1-processSpellJob] Retrying task index 0
[debug] [2026-03-13T21:23:10.942Z] Checked if tokens are valid: true, expires at: 1773440411892
[debug] [2026-03-13T21:23:10.942Z] Checked if tokens are valid: true, expires at: 1773440411892
[debug] [2026-03-13T21:23:10.942Z] >>> [apiv2][query] GET https://cloudfunctions.googleapis.com/v2/projects/appacadabra-bee0f/locations/southamerica-east1/operations/operation-1773436968834-64cee788f1754-3c58aa71-a67e4c9c [none]
[debug] [2026-03-13T21:23:12.860Z] <<< [apiv2][status] GET https://cloudfunctions.googleapis.com/v2/projects/appacadabra-bee0f/locations/southamerica-east1/operations/operation-1773436968834-64cee788f1754-3c58aa71-a67e4c9c 200
[debug] [2026-03-13T21:23:12.860Z] <<< [apiv2][body] GET https://cloudfunctions.googleapis.com/v2/projects/appacadabra-bee0f/locations/southamerica-east1/operations/operation-1773436968834-64cee788f1754-3c58aa71-a67e4c9c {"name":"projects/appacadabra-bee0f/locations/southamerica-east1/operations/operation-1773436968834-64cee788f1754-3c58aa71-a67e4c9c","metadata":{"@type":"type.googleapis.com/google.cloud.functions.v2.OperationMetadata","createTime":"2026-03-13T21:22:50.003648600Z","endTime":"2026-03-13T21:22:59.408117698Z","target":"projects/appacadabra-bee0f/locations/southamerica-east1/functions/processSpellJob","verb":"update","cancelRequested":false,"apiVersion":"v2","requestResource":{"@type":"type.googleapis.com/google.cloud.functions.v2.Function","name":"projects/appacadabra-bee0f/locations/southamerica-east1/functions/processSpellJob","buildConfig":{"runtime":"nodejs22","entryPoint":"processSpellJob","source":{"storageSource":{"bucket":"gcf-v2-sources-901177243529-southamerica-east1","object":"processSpellJob/function-source.zip","generation":"1773436969965444"}},"environmentVariables":{"GOOGLE_NODE_RUN_SCRIPTS":""},"dockerRepository":"projects/appacadabra-bee0f/locations/southamerica-east1/repositories/gcf-artifacts","sourceProvenance":{"resolvedStorageSource":{"bucket":"gcf-v2-sources-901177243529-southamerica-east1","object":"processSpellJob/function-source.zip","generation":"1773357461420770"}},"dockerRegistry":"ARTIFACT_REGISTRY","sourceToken":"Cl5wcm9qZWN0cy85MDExNzcyNDM1MjkvbG9jYXRpb25zL3NvdXRoYW1lcmljYS1lYXN0MS9idWlsZHMvYmZlMTcwM2ItYWI3OC00NGI0LTgyZjgtMzM5ZjJlODY1ZDVmEoMBc291dGhhbWVyaWNhLWVhc3QxLWRvY2tlci5wa2cuZGV2L2FwcGFjYWRhYnJhLWJlZTBmL2djZi1hcnRpZmFjdHMvYXBwYWNhZGFicmEtLWJlZTBmX19zb3V0aGFtZXJpY2EtLWVhc3QxX19nZW5lcmF0ZV9zcGVsbDp2ZXJzaW9uXzEYie/lkp0aIk9wcm9qZWN0cy9hcHBhY2FkYWJyYS1iZWUwZi9sb2NhdGlvbnMvc291dGhhbWVyaWNhLWVhc3QxL2Z1bmN0aW9ucy9nZW5lcmF0ZVNwZWxsKgwIiIDSzQYQ2MbR+QEyCG5vZGVqczIyOn0KI2djci5pby9nYWUtcnVudGltZXMvbm9kZWpzMjI6c3RhYmxlElZzb3V0aGFtZXJpY2EtZWFzdDEtZG9ja2VyLnBrZy5kZXYvc2VydmVybGVzcy1ydW50aW1lcy9nb29nbGUtMjItZnVsbC9ydW50aW1lcy9ub2RlanMyMkAB","serviceAccount":"projects/appacadabra-bee0f/serviceAccounts/901177243529-compute@developer.gserviceaccount.com","automaticUpdatePolicy":{}},"serviceConfig":{"service":"projects/appacadabra-bee0f/locations/southamerica-east1/services/processspelljob","timeoutSeconds":540,"environmentVariables":{"FIREBASE_CONFIG":"{\"projectId\":\"appacadabra-bee0f\",\"storageBucket\":\"appacadabra-bee0f.firebasestorage.app\"}","GCLOUD_PROJECT":"appacadabra-bee0f","EVENTARC_CLOUD_EVENT_SOURCE":"projects/appacadabra-bee0f/locations/southamerica-east1/services/processSpellJob","FUNCTION_SIGNATURE_TYPE":"cloudevent","FUNCTION_TARGET":"processSpellJob","LOG_EXECUTION_ID":"true"},"ingressSettings":"ALLOW_ALL","uri":"https://processspelljob-vuv5axgmbq-rj.a.run.app","serviceAccountEmail":"901177243529-compute@developer.gserviceaccount.com","availableMemory":"512Mi","allTrafficOnLatestRevision":true,"secretEnvironmentVariables":[{"key":"GEMINI_API_KEY","projectId":"appacadabra-bee0f","secret":"GEMINI_API_KEY","version":"2"}],"revision":"processspelljob-00072-mom","maxInstanceRequestConcurrency":80,"availableCpu":"1"},"eventTrigger":{"trigger":"projects/appacadabra-bee0f/locations/southamerica-east1/triggers/processspelljob-001989","triggerRegion":"southamerica-east1","eventType":"google.cloud.firestore.document.v1.created","eventFilters":[{"attribute":"database","value":"(default)"},{"attribute":"namespace","value":"(default)"},{"attribute":"document","value":"jobs/{jobId}","operator":"match-path-pattern"}],"pubsubTopic":"projects/appacadabra-bee0f/topics/eventarc-southamerica-east1-processspelljob-001989-254","serviceAccountEmail":"901177243529-compute@developer.gserviceaccount.com","retryPolicy":"RETRY_POLICY_DO_NOT_RETRY"},"state":"ACTIVE","labels":{"deployment-tool":"cli-firebase","firebase-functions-hash":"1232314584414664f366e06b24d36300fc9f3097"},"environment":"GEN_2","url":"https://southamerica-east1-appacadabra-bee0f.cloudfunctions.net/processSpellJob","satisfiesPzs":true,"satisfiesPzi":true},"stages":[{"name":"BUILD","message":"Reusing build","state":"COMPLETE","resource":"projects/901177243529/locations/southamerica-east1/builds/bfe1703b-ab78-44b4-82f8-339f2e865d5f"},{"name":"SERVICE","message":"Updating Cloud Run service","state":"COMPLETE","resource":"projects/appacadabra-bee0f/locations/southamerica-east1/services/processspelljob","resourceUri":"https://console.cloud.google.com/run/detail/southamerica-east1/processspelljob?project=appacadabra-bee0f","stateMessages":[{"severity":"INFO","type":"CloudRunServiceNewRevisionTrafficInfo","message":"A new revision will be deployed serving with 100% traffic."}]},{"name":"TRIGGER","state":"NOT_STARTED"}],"sourceToken":"Cl5wcm9qZWN0cy85MDExNzcyNDM1MjkvbG9jYXRpb25zL3NvdXRoYW1lcmljYS1lYXN0MS9idWlsZHMvYmZlMTcwM2ItYWI3OC00NGI0LTgyZjgtMzM5ZjJlODY1ZDVmEoMBc291dGhhbWVyaWNhLWVhc3QxLWRvY2tlci5wa2cuZGV2L2FwcGFjYWRhYnJhLWJlZTBmL2djZi1hcnRpZmFjdHMvYXBwYWNhZGFicmEtLWJlZTBmX19zb3V0aGFtZXJpY2EtLWVhc3QxX19nZW5lcmF0ZV9zcGVsbDp2ZXJzaW9uXzEYie/lkp0aIk9wcm9qZWN0cy9hcHBhY2FkYWJyYS1iZWUwZi9sb2NhdGlvbnMvc291dGhhbWVyaWNhLWVhc3QxL2Z1bmN0aW9ucy9nZW5lcmF0ZVNwZWxsKgwIiIDSzQYQ2MbR+QEyCG5vZGVqczIyOn0KI2djci5pby9nYWUtcnVudGltZXMvbm9kZWpzMjI6c3RhYmxlElZzb3V0aGFtZXJpY2EtZWFzdDEtZG9ja2VyLnBrZy5kZXYvc2VydmVybGVzcy1ydW50aW1lcy9nb29nbGUtMjItZnVsbC9ydW50aW1lcy9ub2RlanMyMkAB","operationType":"UPDATE_FUNCTION","buildName":"projects/901177243529/locations/southamerica-east1/builds/bfe1703b-ab78-44b4-82f8-339f2e865d5f"},"done":true,"response":{"@type":"type.googleapis.com/google.cloud.functions.v2.Function","name":"projects/appacadabra-bee0f/locations/southamerica-east1/functions/processSpellJob","buildConfig":{"build":"projects/901177243529/locations/southamerica-east1/builds/bfe1703b-ab78-44b4-82f8-339f2e865d5f","runtime":"nodejs22","entryPoint":"processSpellJob","source":{"storageSource":{"bucket":"gcf-v2-sources-901177243529-southamerica-east1","object":"processSpellJob/function-source.zip","generation":"1773436969965444"}},"environmentVariables":{"GOOGLE_NODE_RUN_SCRIPTS":""},"dockerRepository":"projects/appacadabra-bee0f/locations/southamerica-east1/repositories/gcf-artifacts","sourceProvenance":{"resolvedStorageSource":{"bucket":"gcf-v2-sources-901177243529-southamerica-east1","object":"processSpellJob/function-source.zip","generation":"1773436969965444"}},"dockerRegistry":"ARTIFACT_REGISTRY","serviceAccount":"projects/appacadabra-bee0f/serviceAccounts/901177243529-compute@developer.gserviceaccount.com","automaticUpdatePolicy":{}},"serviceConfig":{"service":"projects/appacadabra-bee0f/locations/southamerica-east1/services/processspelljob","timeoutSeconds":540,"environmentVariables":{"FIREBASE_CONFIG":"{\"projectId\":\"appacadabra-bee0f\",\"storageBucket\":\"appacadabra-bee0f.firebasestorage.app\"}","GCLOUD_PROJECT":"appacadabra-bee0f","EVENTARC_CLOUD_EVENT_SOURCE":"projects/appacadabra-bee0f/locations/southamerica-east1/services/processSpellJob","FUNCTION_SIGNATURE_TYPE":"cloudevent","FUNCTION_TARGET":"processSpellJob","LOG_EXECUTION_ID":"true"},"maxInstanceCount":20,"ingressSettings":"ALLOW_ALL","uri":"https://processspelljob-vuv5axgmbq-rj.a.run.app","serviceAccountEmail":"901177243529-compute@developer.gserviceaccount.com","availableMemory":"512Mi","allTrafficOnLatestRevision":true,"secretEnvironmentVariables":[{"key":"GEMINI_API_KEY","projectId":"appacadabra-bee0f","secret":"GEMINI_API_KEY","version":"2"}],"revision":"processspelljob-00073-vuv","maxInstanceRequestConcurrency":80,"availableCpu":"1"},"eventTrigger":{"trigger":"projects/appacadabra-bee0f/locations/southamerica-east1/triggers/processspelljob-001989","triggerRegion":"southamerica-east1","eventType":"google.cloud.firestore.document.v1.created","eventFilters":[{"attribute":"database","value":"(default)"},{"attribute":"namespace","value":"(default)"},{"attribute":"document","value":"jobs/{jobId}","operator":"match-path-pattern"}],"pubsubTopic":"projects/appacadabra-bee0f/topics/eventarc-southamerica-east1-processspelljob-001989-254","serviceAccountEmail":"901177243529-compute@developer.gserviceaccount.com","retryPolicy":"RETRY_POLICY_DO_NOT_RETRY"},"state":"ACTIVE","updateTime":"2026-03-13T21:22:50.005017280Z","labels":{"deployment-tool":"cli-firebase","firebase-functions-hash":"1232314584414664f366e06b24d36300fc9f3097"},"environment":"GEN_2","url":"https://southamerica-east1-appacadabra-bee0f.cloudfunctions.net/processSpellJob","satisfiesPzs":true,"createTime":"2026-01-28T12:51:45.876883493Z","satisfiesPzi":true}}
[debug] [2026-03-13T21:23:12.861Z] Got source token Cl5wcm9qZWN0cy85MDExNzcyNDM1MjkvbG9jYXRpb25zL3NvdXRoYW1lcmljYS1lYXN0MS9idWlsZHMvYmZlMTcwM2ItYWI3OC00NGI0LTgyZjgtMzM5ZjJlODY1ZDVmEoMBc291dGhhbWVyaWNhLWVhc3QxLWRvY2tlci5wa2cuZGV2L2FwcGFjYWRhYnJhLWJlZTBmL2djZi1hcnRpZmFjdHMvYXBwYWNhZGFicmEtLWJlZTBmX19zb3V0aGFtZXJpY2EtLWVhc3QxX19nZW5lcmF0ZV9zcGVsbDp2ZXJzaW9uXzEYie/lkp0aIk9wcm9qZWN0cy9hcHBhY2FkYWJyYS1iZWUwZi9sb2NhdGlvbnMvc291dGhhbWVyaWNhLWVhc3QxL2Z1bmN0aW9ucy9nZW5lcmF0ZVNwZWxsKgwIiIDSzQYQ2MbR+QEyCG5vZGVqczIyOn0KI2djci5pby9nYWUtcnVudGltZXMvbm9kZWpzMjI6c3RhYmxlElZzb3V0aGFtZXJpY2EtZWFzdDEtZG9ja2VyLnBrZy5kZXYvc2VydmVybGVzcy1ydW50aW1lcy9nb29nbGUtMjItZnVsbC9ydW50aW1lcy9ub2RlanMyMkAB for region southamerica-east1
[info] +  functions[processSpellJob(southamerica-east1)] Successful update operation. 
[debug] [2026-03-13T21:23:12.878Z] Total Function Deployment time: 143799
[debug] [2026-03-13T21:23:12.878Z] 8 Functions Deployed
[debug] [2026-03-13T21:23:12.878Z] 1 Functions Errored
[debug] [2026-03-13T21:23:12.878Z] 0 Function Deployments Aborted
[debug] [2026-03-13T21:23:12.878Z] Average Function Deployment time: 120322.875
[info] 
[info] Functions deploy had errors with the following functions:
	suggestSpells(southamerica-east1)
[debug] [2026-03-13T21:23:12.968Z] Checked if tokens are valid: true, expires at: 1773440411892
[debug] [2026-03-13T21:23:12.968Z] Checked if tokens are valid: true, expires at: 1773440411892
[debug] [2026-03-13T21:23:12.968Z] >>> [apiv2][query] GET https://artifactregistry.googleapis.com/v1/projects/appacadabra-bee0f/locations/southamerica-east1/repositories/gcf-artifacts [none]
[debug] [2026-03-13T21:23:15.174Z] <<< [apiv2][status] GET https://artifactregistry.googleapis.com/v1/projects/appacadabra-bee0f/locations/southamerica-east1/repositories/gcf-artifacts 200
[debug] [2026-03-13T21:23:15.174Z] <<< [apiv2][body] GET https://artifactregistry.googleapis.com/v1/projects/appacadabra-bee0f/locations/southamerica-east1/repositories/gcf-artifacts {"name":"projects/appacadabra-bee0f/locations/southamerica-east1/repositories/gcf-artifacts","format":"DOCKER","description":"This repository is created and used by Cloud Functions for storing function docker images.","labels":{"goog-managed-by":"cloudfunctions"},"createTime":"2026-01-20T21:24:36.071802Z","updateTime":"2026-03-13T21:22:08.807241Z","mode":"STANDARD_REPOSITORY","cleanupPolicies":{"firebase-functions-cleanup":{"id":"firebase-functions-cleanup","action":"DELETE","condition":{"tagState":"ANY","olderThan":"86400s"}}},"sizeBytes":"468322559","satisfiesPzs":true,"vulnerabilityScanningConfig":{"lastEnableTime":"2026-01-20T21:24:24.165298100Z","enablementState":"SCANNING_DISABLED","enablementStateReason":"API containerscanning.googleapis.com is not enabled."},"satisfiesPzi":true,"registryUri":"southamerica-east1-docker.pkg.dev/appacadabra-bee0f/gcf-artifacts"}
[debug] [2026-03-13T21:23:15.175Z] Functions deploy failed.
[debug] [2026-03-13T21:23:15.175Z] {
  "endpoint": {
    "id": "suggestSpells",
    "project": "appacadabra-bee0f",
    "region": "southamerica-east1",
    "entryPoint": "suggestSpells",
    "platform": "gcfv2",
    "runtime": "nodejs22",
    "callableTrigger": {},
    "labels": {
      "deployment-tool": "cli-firebase"
    },
    "secretEnvironmentVariables": [
      {
        "key": "GEMINI_API_KEY",
        "secret": "GEMINI_API_KEY",
        "projectId": "appacadabra-bee0f",
        "version": "2"
      }
    ],
    "serviceAccount": null,
    "ingressSettings": null,
    "availableMemoryMb": null,
    "timeoutSeconds": null,
    "maxInstances": null,
    "minInstances": null,
    "concurrency": 80,
    "vpc": null,
    "environmentVariables": {
      "FIREBASE_CONFIG": "{\"projectId\":\"appacadabra-bee0f\",\"storageBucket\":\"appacadabra-bee0f.firebasestorage.app\"}",
      "GCLOUD_PROJECT": "appacadabra-bee0f",
      "EVENTARC_CLOUD_EVENT_SOURCE": "projects/appacadabra-bee0f/locations/southamerica-east1/services/suggestSpells",
      "FUNCTION_TARGET": "suggestSpells",
      "LOG_EXECUTION_ID": "true",
      "FUNCTION_SIGNATURE_TYPE": "http"
    },
    "codebase": "default",
    "runServiceId": "suggestspells",
    "cpu": 1,
    "securityLevel": "SECURE_ALWAYS",
    "targetedByOnly": false,
    "hash": "1232314584414664f366e06b24d36300fc9f3097"
  },
  "op": "update",
  "original": {
    "name": "FirebaseError",
    "children": [],
    "context": {
      "function": "projects/appacadabra-bee0f/locations/southamerica-east1/functions/suggestSpells"
    },
    "exit": 1,
    "message": "Failed to update function projects/appacadabra-bee0f/locations/southamerica-east1/functions/suggestSpells",
    "original": {
      "name": "FirebaseError",
      "children": [],
      "exit": 1,
      "message": "Failed to make request to https://cloudfunctions.googleapis.com/v2/projects/appacadabra-bee0f/locations/southamerica-east1/functions/suggestSpells?updateMask=name%2CbuildConfig.runtime%2CbuildConfig.entryPoint%2CbuildConfig.source.storageSource.bucket%2CbuildConfig.source.storageSource.object%2CbuildConfig.environmentVariables%2CbuildConfig.sourceToken%2CserviceConfig.environmentVariables%2CserviceConfig.secretEnvironmentVariables%2CserviceConfig.ingressSettings%2CserviceConfig.timeoutSeconds%2CserviceConfig.serviceAccountEmail%2CserviceConfig.availableMemory%2CserviceConfig.minInstanceCount%2CserviceConfig.maxInstanceCount%2CserviceConfig.maxInstanceRequestConcurrency%2CserviceConfig.availableCpu%2CserviceConfig.vpcConnector%2CserviceConfig.vpcConnectorEgressSettings%2Clabels",
      "original": {
        "message": "request to https://cloudfunctions.googleapis.com/v2/projects/appacadabra-bee0f/locations/southamerica-east1/functions/suggestSpells?updateMask=name%2CbuildConfig.runtime%2CbuildConfig.entryPoint%2CbuildConfig.source.storageSource.bucket%2CbuildConfig.source.storageSource.object%2CbuildConfig.environmentVariables%2CbuildConfig.sourceToken%2CserviceConfig.environmentVariables%2CserviceConfig.secretEnvironmentVariables%2CserviceConfig.ingressSettings%2CserviceConfig.timeoutSeconds%2CserviceConfig.serviceAccountEmail%2CserviceConfig.availableMemory%2CserviceConfig.minInstanceCount%2CserviceConfig.maxInstanceCount%2CserviceConfig.maxInstanceRequestConcurrency%2CserviceConfig.availableCpu%2CserviceConfig.vpcConnector%2CserviceConfig.vpcConnectorEgressSettings%2Clabels failed, reason: Client network socket disconnected before secure TLS connection was established",
        "type": "system",
        "errno": "ECONNRESET",
        "code": "ECONNRESET"
      },
      "status": 500
    },
    "status": 500,
    "code": 500
  }
}
[debug] [2026-03-13T21:23:15.177Z] Error: Failed to update function suggestSpells in region southamerica-east1
    at C:\Users\vivia\AppData\Roaming\npm\node_modules\firebase-tools\lib\deploy\functions\release\fabricator.js:441:19
    at process.processTicksAndRejections (node:internal/process/task_queues:103:5)
    at async Fabricator.updateV2Function (C:\Users\vivia\AppData\Roaming\npm\node_modules\firebase-tools\lib\deploy\functions\release\fabricator.js:425:32)
    at async Fabricator.updateEndpoint (C:\Users\vivia\AppData\Roaming\npm\node_modules\firebase-tools\lib\deploy\functions\release\fabricator.js:161:13)
    at async handle (C:\Users\vivia\AppData\Roaming\npm\node_modules\firebase-tools\lib\deploy\functions\release\fabricator.js:90:17)
[error] 
[error] Error: There was an error deploying functions
